-II	905
1	3
10	3
11	20
13	3
18	3
19	3
20	3
21	3
22	3
40	3
44	3
45	6
50	7
52	18
54	7
6	13
77DOKONČIŤ!!	6
B1__014_01_PREFOTIŤ	6
B1__1004CR	3
B1__128YL_PREFOTIŤ	7
B1__24LV_PREFOTIŤ	3
B1__2602_PREFOTIŤ	10
B1__4123	7
B1__47-50_PREFOTIŤ	10
B1__5970B_PREFOTIŤ	3
B1__970B_PREFOTIŤ	3
B1__MAGNOLIA ZVAZOK	3
B1__MAGNOLIA_PREFOTIŤ	3
B2__2010	3
B2__2010R-CR_PREFOTIŤ	7
B2__260PI	10
B2__29459YL	3
B2__3891_PREFOTIŤ	3
B2__439W_PREFOTIŤ	3
B2__9222_PREFOTIŤ	8
B2__9406_PREFOTIŤ	13
B2__P107	7
B2__SUN-641_PREFOTIŤ	3
B2__WEI1022_PREFOTIŤ	13
B3__160HD_PREFOTIŤ	10
B3__20599C_PREFOTIŤ	3
B3__34505_01	3
B3__879BL-BR_PREFOTIŤ	9
B3__900PU_PREFOTIŤ	3
B3__906-05_PREFOTIŤ	7
B3__9681+9157_PREFOTIŤ	6
B3__BUK013	3
B3__BUK1013	7
B3__BUK1017	3
B3__CAN2906	3
B3__FMN1009_PREFOTIŤ	10
B3__QD052	3
B4__17934	16
B4__9202	7
B4__A5_04573	7
B4__BFG413	5
B4__CAN20031_01	3
B4__CAN319941	13
B4__FMN1009	10
B4__SUN-498-012	6
B4__SUN561	20
B4__XH010	10
C1__GLADIOLA ZVAZOK	3
C15__0514WH	3
C15__205BL(chyba biela)	9
C15__423_479-480	7
C16__3104	6
C16__50813	10
D1__	3
D1__(za regalom)	3
D1__388	4
D1__5364	7
D1__8933	3
D1__BL048	3
D1__BL056	3
D1__LIST_RUSKUS 50cm	3
D1__RUSKUS_LIU388	3
D1__TIK128	3
D1__TIK189	3
D17__J913	3
D2__007	6
D2__24285DK	7
D2__ANA1009	3
D2__CAN5161	7
D2__EUKALIPTUS 61CM 002	3
D2__EUKALIPTUS LIU007	3
D2__KLM1102	3
D3__017	3
D3__25805H	3
D3__25984	3
D3__3437	7
D3__CAN272	3
D3__JUN095	4
D3__KLM1199	10
D3__LI00374	3
D3__LS062	5
D3__TIK030	3
D3__TIK031	3
D4__24346M	10
D4__446BL	3
D4__5907DKPI	7
D4__693	3
D4__CAN118	13
D4__Gipsówka 31cm	9
D4__GYP1001	23
D4__KS056	10
D4__KYTICA PIVONKA	4
D4__SUN-455	23
D5__TUJA014	3
E1__KYTICA PIVONIA	26
E1__LIL04	16
E15__KS058	9
E15__PIK022	3
E16__PIK002	7
E16__PIK006	9
E2__001-53	3
E2__BU03857	3
E2__PIV. KYT. EXCL. 45cm	3
E2__PIVONIA DLHA	6
E2__PIVONIA EXCL.45cm	3
E2__PIVONKA 47cm	3
E3__KYT. RUŽA 36h	12
E3__PIV. KYT	22
EUKALIPTUS 47CM (VIAC FARIEB TREBA DOFOTIT)	3
F1__106	7
F1__657C	4
F1__663B	3
F1__8015	7
F1__806LV	9
F1__AK09	13
F1__GLO3150	14
F1__JH098	3
F1__KS020	12
F1__KYT. RUŽ	3
F1__MIX	9
F1__RUZA BEAUTY 38cm	9
F2__20013W	3
F2__AL-8480	7
F2__NARCIS	10
F2__S21C_05	3
F2__WEI1002	3
F2_955	10
G1__REN2011	3
G3__hortensia 61cm	10
LISTY STARE	4
