cislo	fotek	poznamka
001	3	cislo: 001 fotky: 3 povodni_slozka: 001 voskovka na_eshopu zdroj: povodni: 1 cislo: 001 fotky: 3 sta
002	3	cislo: 002 fotky: 3 povodni_slozka: 003 neni_na_eshopu zdroj: povodni: 10 cislo: 003 fotky: 3 stav: 
003	3	cislo: 003 fotky: 3 povodni_slozka: 005 na_eshopu zdroj: povodni: 13 cislo: 005 fotky: 3 stav: ke_ko
004	3	cislo: 004 fotky: 3 povodni_slozka: 006 neni_na_eshopu zdroj: povodni: 18 cislo: 006 fotky: 3 stav: 
005	3	cislo: 005 fotky: 3 povodni_slozka: 007 na_eshopu zdroj: povodni: 19 cislo: 007 fotky: 3 stav: ke_ko
006	3	cislo: 006 fotky: 3 povodni_slozka: 008 na_eshopu zdroj: povodni: 20 cislo: 008 fotky: 3 stav: ke_ko
007	3	cislo: 007 fotky: 3 povodni_slozka: 009 na_eshopu zdroj: povodni: 21 cislo: 009 fotky: 3 stav: ke_ko
008	3	cislo: 008 fotky: 3 povodni_slozka: 010 na_eshopu zdroj: povodni: 22 cislo: 010 fotky: 3 stav: ke_ko
009	3	cislo: 009 fotky: 3 povodni_slozka: 011 na_eshopu zdroj: povodni: 40 cislo: 011 fotky: 3 stav: ke_ko
010	3	cislo: 010 fotky: 3 povodni_slozka: 012 na_eshopu zdroj: povodni: 44 cislo: 012 fotky: 3 stav: ke_ko
011	3	cislo: 011 fotky: 3 povodni_slozka: 013 na_eshopu zdroj: povodni: 45 cislo: 013 fotky: 6 stav: ke_ko
012	3	cislo: 012 fotky: 3 povodni_slozka: 017 na_eshopu zdroj: povodni: 77DOKONČIŤ!! cislo: 017 fotky: 6 s
013	3	cislo: 013 fotky: 3 povodni_slozka: 023 zdroj: povodni: B1__1004CR cislo: 023 fotky: 3 stav: ke_kont
014	3	cislo: 014 fotky: 3 povodni_slozka: 027 zdroj: povodni: B1__MAGNOLIA ZVAZOK cislo: 027 fotky: 3 stav
015	3	cislo: 015 fotky: 3 povodni_slozka: 031 zdroj: povodni: B2__2010 cislo: 031 fotky: 3 stav: ke_kontro
016	3	cislo: 016 fotky: 3 povodni_slozka: 036 zdroj: povodni: B2__29459YL cislo: 036 fotky: 3 stav: ke_kon
017	3	cislo: 017 fotky: 3 povodni_slozka: 046 zdroj: povodni: B3__34505_01 cislo: 046 fotky: 3 stav: ke_ko
018	3	cislo: 018 fotky: 3 povodni_slozka: 047 zdroj: povodni: B3__BUK013 cislo: 047 fotky: 3 stav: ke_kont
019	3	cislo: 019 fotky: 3 povodni_slozka: 049 zdroj: povodni: B3__BUK1017 cislo: 049 fotky: 3 stav: ke_kon
020	3	cislo: 020 fotky: 3 povodni_slozka: 050 zdroj: povodni: B3__CAN2906 cislo: 050 fotky: 3 stav: ke_kon
021	3	cislo: 021 fotky: 3 povodni_slozka: 052 zdroj: povodni: B3__QD052 cislo: 052 fotky: 3 stav: ke_kontr
022	3	cislo: 022 fotky: 3 povodni_slozka: 057 zdroj: povodni: B4__CAN20031_01 cislo: 057 fotky: 3 stav: ke
023	3	cislo: 023 fotky: 3 povodni_slozka: 063 zdroj: povodni: C1__GLADIOLA ZVAZOK cislo: 063 fotky: 3 stav
024	3	cislo: 024 fotky: 3 povodni_slozka: 066 zdroj: povodni: C15__0514WH cislo: 066 fotky: 3 stav: ke_kon
025	3	cislo: 025 fotky: 3 povodni_slozka: 069 zdroj: povodni: D1__ cislo: 069 fotky: 3 stav: ke_kontrole_e
026	3	cislo: 026 fotky: 3 povodni_slozka: 070 zdroj: povodni: D1__(za regalom) cislo: 070 fotky: 3 stav: k
027	3	cislo: 027 fotky: 3 povodni_slozka: 073 zdroj: povodni: D1__8933 cislo: 073 fotky: 3 stav: ke_kontro
028	3	cislo: 028 fotky: 3 povodni_slozka: 074 zdroj: povodni: D1__BL048 cislo: 074 fotky: 3 stav: ke_kontr
029	3	cislo: 029 fotky: 3 povodni_slozka: 075 zdroj: povodni: D1__BL056 cislo: 075 fotky: 3 stav: ke_kontr
030	3	cislo: 030 fotky: 3 povodni_slozka: 076 zdroj: povodni: D1__LIST_RUSKUS 50cm cislo: 076 fotky: 3 sta
031	3	cislo: 031 fotky: 3 povodni_slozka: 077 zdroj: povodni: D1__RUSKUS_LIU388 cislo: 077 fotky: 3 stav: 
032	3	cislo: 032 fotky: 3 povodni_slozka: 078 zdroj: povodni: D1__TIK128 cislo: 078 fotky: 3 stav: ke_kont
033	3	cislo: 033 fotky: 3 povodni_slozka: 079 zdroj: povodni: D1__TIK189 cislo: 079 fotky: 3 stav: ke_kont
034	3	cislo: 034 fotky: 3 povodni_slozka: 082 zdroj: povodni: D2__ANA1009 cislo: 082 fotky: 3 stav: ke_kon
035	3	cislo: 035 fotky: 3 povodni_slozka: 084 zdroj: povodni: D2__EUKALIPTUS 61CM 002 cislo: 084 fotky: 3 
036	3	cislo: 036 fotky: 3 povodni_slozka: 085 zdroj: povodni: D2__EUKALIPTUS LIU007 cislo: 085 fotky: 3 st
037	3	cislo: 037 fotky: 3 povodni_slozka: 086 zdroj: povodni: D2__KLM1102 cislo: 086 fotky: 3 stav: ke_kon
038	3	cislo: 038 fotky: 3 povodni_slozka: 087 zdroj: povodni: D3__017 cislo: 087 fotky: 3 stav: ke_kontrol
039	3	cislo: 039 fotky: 3 povodni_slozka: 089 zdroj: povodni: D3__25805H cislo: 089 fotky: 3 stav: ke_kont
040	3	cislo: 040 fotky: 3 povodni_slozka: 090 zdroj: povodni: D3__25984 cislo: 090 fotky: 3 stav: ke_kontr
041	3	cislo: 041 fotky: 3 povodni_slozka: 091 zdroj: povodni: D3__CAN272 cislo: 091 fotky: 3 stav: ke_kont
042	3	cislo: 042 fotky: 3 povodni_slozka: 094 zdroj: povodni: D3__LI00374 cislo: 094 fotky: 3 stav: ke_kon
043	3	cislo: 043 fotky: 3 povodni_slozka: 096 zdroj: povodni: D3__TIK030 cislo: 096 fotky: 3 stav: ke_kont
044	3	cislo: 044 fotky: 3 povodni_slozka: 097 zdroj: povodni: D3__TIK031 cislo: 097 fotky: 3 stav: ke_kont
045	3	cislo: 045 fotky: 3 povodni_slozka: 098 zdroj: povodni: D4__446BL cislo: 098 fotky: 3 stav: ke_kontr
046	3	cislo: 046 fotky: 3 povodni_slozka: 099 zdroj: povodni: D4__693 cislo: 099 fotky: 3 stav: ke_kontrol
047	3	cislo: 047 fotky: 3 povodni_slozka: 108 zdroj: povodni: D5__TUJA014 cislo: 108 fotky: 3 stav: ke_kon
048	3	cislo: 048 fotky: 3 povodni_slozka: 109 zdroj: povodni: D17__J913 cislo: 109 fotky: 3 stav: ke_kontr
049	3	cislo: 049 fotky: 3 povodni_slozka: 112 zdroj: povodni: E2__001-53 cislo: 112 fotky: 3 stav: ke_kont
050	3	cislo: 050 fotky: 3 povodni_slozka: 113 zdroj: povodni: E2__BU03857 cislo: 113 fotky: 3 stav: ke_kon
051	3	cislo: 051 fotky: 3 povodni_slozka: 114 zdroj: povodni: E2__PIV. KYT. EXCL. 45cm cislo: 114 fotky: 3
052	3	cislo: 052 fotky: 3 povodni_slozka: 116 zdroj: povodni: E2__PIVONIA EXCL.45cm cislo: 116 fotky: 3 st
053	3	cislo: 053 fotky: 3 povodni_slozka: 117 zdroj: povodni: E2__PIVONKA 47cm cislo: 117 fotky: 3 stav: k
054	3	cislo: 054 fotky: 3 povodni_slozka: 121 zdroj: povodni: E15__PIK022 cislo: 121 fotky: 3 stav: ke_kon
055	3	cislo: 055 fotky: 3 povodni_slozka: 124 zdroj: povodni: EUKALIPTUS 47CM (VIAC FARIEB TREBA DOFOTIT) 
056	3	cislo: 056 fotky: 3 povodni_slozka: 127 zdroj: povodni: F1__663B cislo: 127 fotky: 3 stav: ke_kontro
057	3	cislo: 057 fotky: 3 povodni_slozka: 132 zdroj: povodni: F1__JH098 cislo: 132 fotky: 3 stav: ke_kontr
058	3	cislo: 058 fotky: 3 povodni_slozka: 134 zdroj: povodni: F1__KYT. RUŽ cislo: 134 fotky: 3 stav: ke_ko
059	3	cislo: 059 fotky: 3 povodni_slozka: 137 zdroj: povodni: F2__20013W cislo: 137 fotky: 3 stav: ke_kont
060	3	cislo: 060 fotky: 3 povodni_slozka: 140 zdroj: povodni: F2__S21C_05 cislo: 140 fotky: 3 stav: ke_kon
061	3	cislo: 061 fotky: 3 povodni_slozka: 141 zdroj: povodni: F2__WEI1002 cislo: 141 fotky: 3 stav: ke_kon
062	3	cislo: 062 fotky: 3 povodni_slozka: 143 zdroj: povodni: G1__REN2011 cislo: 143 fotky: 3 stav: ke_kon
063	3	cislo: 063 fotky: 3 povodni_slozka: 147 neni_na_eshopu stav: ke_kontrole_eshop
064	3	cislo: 064 fotky: 3 povodni_slozka: 148 neni_na_eshopu stav: ke_kontrole_eshop
065	13	cislo: 065 fotky: 13 povodni_slozka: 002 hortenzia na_eshopu stav: ke_kontrole_eshop poznamka: vice 
066	20	cislo: 066 fotky: 20 povodni_slozka: 004 orchidea mini spray neni_vse_na_eshopu stav: ke_kontrole_es
067	7	cislo: 067 fotky: 7 povodni_slozka: 014 na_eshopu stav: ke_kontrole_eshop poznamka: vice fotek (barv
068	18	cislo: 068 fotky: 18 povodni_slozka: 015 neni_na_eshopu stav: ke_kontrole_eshop poznamka: vice fotek
069	7	cislo: 069 fotky: 7 povodni_slozka: 016 na_eshopu stav: ke_kontrole_eshop poznamka: vice fotek (barv
070	7	cislo: 070 fotky: 7 povodni_slozka: 025 stav: ke_kontrole_eshop poznamka: vice fotek (barvy/uhly) — 
071	10	cislo: 071 fotky: 10 povodni_slozka: 029 stav: ke_kontrole_eshop poznamka: vice fotek (barvy/uhly) —
072	7	cislo: 072 fotky: 7 povodni_slozka: 037 stav: ke_kontrole_eshop poznamka: vice fotek (barvy/uhly) — 
073	7	cislo: 073 fotky: 7 povodni_slozka: 048 stav: ke_kontrole_eshop poznamka: vice fotek (barvy/uhly) — 
074	7	cislo: 074 fotky: 7 povodni_slozka: 053 stav: ke_kontrole_eshop poznamka: vice fotek (barvy/uhly) — 
075	16	cislo: 075 fotky: 16 povodni_slozka: 054 stav: ke_kontrole_eshop poznamka: vice fotek (barvy/uhly) —
076	7	cislo: 076 fotky: 7 povodni_slozka: 055 stav: ke_kontrole_eshop poznamka: vice fotek (barvy/uhly) — 
077	5	cislo: 077 fotky: 5 povodni_slozka: 056 stav: ke_kontrole_eshop poznamka: vice fotek (barvy/uhly) — 
078	13	cislo: 078 fotky: 13 stav: ke_kontrole_eshop poznamka: sloučeno zpět (barevné varianty 1 produktu) 
079	10	cislo: 083 fotky: 10 povodni_slozka: 059 stav: ke_kontrole_eshop poznamka: vice fotek (barvy/uhly) —
080	6	cislo: 084 fotky: 6 povodni_slozka: 060 stav: ke_kontrole_eshop poznamka: vice fotek (barvy/uhly) — 
081	20	cislo: 085 fotky: 20 povodni_slozka: 061 stav: ke_kontrole_eshop poznamka: vice fotek (barvy/uhly) —
082	10	cislo: 086 fotky: 10 povodni_slozka: 062 stav: ke_kontrole_eshop poznamka: vice fotek (barvy/uhly) —
083	9	cislo: 087 fotky: 9 povodni_slozka: 064 stav: ke_kontrole_eshop poznamka: vice fotek (barvy/uhly) — 
084	7	cislo: 088 fotky: 7 povodni_slozka: 065 stav: ke_kontrole_eshop poznamka: vice fotek (barvy/uhly) — 
085	6	cislo: 089 fotky: 6 povodni_slozka: 067 stav: ke_kontrole_eshop poznamka: vice fotek (barvy/uhly) — 
086	10	cislo: 090 fotky: 10 povodni_slozka: 068 stav: ke_kontrole_eshop poznamka: vice fotek (barvy/uhly) —
087	4	cislo: 091 fotky: 4 povodni_slozka: 071 stav: ke_kontrole_eshop poznamka: vice fotek (barvy/uhly) — 
088	7	cislo: 092 fotky: 7 povodni_slozka: 072 stav: ke_kontrole_eshop poznamka: vice fotek (barvy/uhly) — 
089	6	cislo: 093 fotky: 6 povodni_slozka: 080 stav: ke_kontrole_eshop poznamka: vice fotek (barvy/uhly) — 
090	7	cislo: 094 fotky: 7 povodni_slozka: 081 stav: ke_kontrole_eshop poznamka: vice fotek (barvy/uhly) — 
091	7	cislo: 095 fotky: 7 povodni_slozka: 083 stav: ke_kontrole_eshop poznamka: vice fotek (barvy/uhly) — 
092	7	cislo: 096 fotky: 7 povodni_slozka: 088 stav: ke_kontrole_eshop poznamka: vice fotek (barvy/uhly) — 
093	4	cislo: 097 fotky: 4 povodni_slozka: 092 stav: ke_kontrole_eshop poznamka: vice fotek (barvy/uhly) — 
094	10	cislo: 098 fotky: 10 stav: ke_kontrole_eshop poznamka: sloučeno zpět (barevné varianty 1 produktu) 
095	5	cislo: 102 fotky: 5 stav: ke_kontrole_eshop poznamka: sloučeno zpět (barevné varianty 1 produktu) 
096	7	cislo: 104 fotky: 7 povodni_slozka: 100 stav: ke_kontrole_eshop poznamka: vice fotek (barvy/uhly) — 
097	10	cislo: 105 fotky: 10 povodni_slozka: 101 stav: ke_kontrole_eshop poznamka: vice fotek (barvy/uhly) —
098	13	cislo: 106 fotky: 13 povodni_slozka: 102 stav: ke_kontrole_eshop poznamka: vice fotek (barvy/uhly) —
099	9	cislo: 107 fotky: 9 povodni_slozka: 103 stav: ke_kontrole_eshop poznamka: vice fotek (barvy/uhly) — 
100	23	cislo: 108 fotky: 23 povodni_slozka: 104 stav: ke_kontrole_eshop poznamka: vice fotek (barvy/uhly) —
101	10	cislo: 109 fotky: 10 povodni_slozka: 105 stav: ke_kontrole_eshop poznamka: vice fotek (barvy/uhly) —
102	4	cislo: 110 fotky: 4 povodni_slozka: 106 stav: ke_kontrole_eshop poznamka: vice fotek (barvy/uhly) — 
103	23	cislo: 111 fotky: 23 stav: ke_kontrole_eshop poznamka: sloučeno zpět (barevné varianty 1 produktu) 
104	26	cislo: 119 fotky: 26 stav: ke_kontrole_eshop poznamka: sloučeno zpět (barevné varianty 1 produktu) 
105	16	cislo: 128 fotky: 16 povodni_slozka: 111 stav: ke_kontrole_eshop poznamka: vice fotek (barvy/uhly) —
106	6	cislo: 129 fotky: 6 povodni_slozka: 115 stav: ke_kontrole_eshop poznamka: vice fotek (barvy/uhly) — 
107	12	cislo: 130 fotky: 12 stav: ke_kontrole_eshop poznamka: sloučeno zpět (barevné varianty 1 produktu) 
108	22	cislo: 134 fotky: 22 povodni_slozka: 119 stav: ke_kontrole_eshop poznamka: vice fotek (barvy/uhly) —
109	9	cislo: 135 fotky: 9 povodni_slozka: 120 stav: ke_kontrole_eshop poznamka: vice fotek (barvy/uhly) — 
110	7	cislo: 136 fotky: 7 povodni_slozka: 122 stav: ke_kontrole_eshop poznamka: vice fotek (barvy/uhly) — 
111	9	cislo: 137 fotky: 9 povodni_slozka: 123 stav: ke_kontrole_eshop poznamka: vice fotek (barvy/uhly) — 
112	7	cislo: 138 fotky: 7 stav: ke_kontrole_eshop poznamka: sloučeno zpět (barevné varianty 1 produktu) 
113	4	cislo: 141 fotky: 4 povodni_slozka: 126 stav: ke_kontrole_eshop poznamka: vice fotek (barvy/uhly) — 
114	9	cislo: 142 fotky: 9 povodni_slozka: 128 stav: ke_kontrole_eshop poznamka: vice fotek (barvy/uhly) — 
115	7	cislo: 143 fotky: 7 povodni_slozka: 129 stav: ke_kontrole_eshop poznamka: vice fotek (barvy/uhly) — 
116	13	cislo: 144 fotky: 13 povodni_slozka: 130 stav: ke_kontrole_eshop poznamka: vice fotek (barvy/uhly) —
117	14	cislo: 145 fotky: 14 povodni_slozka: 131 stav: ke_kontrole_eshop poznamka: vice fotek (barvy/uhly) —
118	12	cislo: 146 fotky: 12 povodni_slozka: 133 stav: ke_kontrole_eshop poznamka: vice fotek (barvy/uhly) —
119	9	cislo: 147 fotky: 9 povodni_slozka: 135 stav: ke_kontrole_eshop poznamka: vice fotek (barvy/uhly) — 
120	9	cislo: 148 fotky: 9 stav: ke_kontrole_eshop poznamka: sloučeno zpět (barevné varianty 1 produktu) 
121	7	cislo: 151 fotky: 7 stav: ke_kontrole_eshop poznamka: sloučeno zpět (barevné varianty 1 produktu) 
122	10	cislo: 154 fotky: 10 povodni_slozka: 139 stav: ke_kontrole_eshop poznamka: vice fotek (barvy/uhly) —
123	10	cislo: 155 fotky: 10 povodni_slozka: 142 stav: ke_kontrole_eshop poznamka: vice fotek (barvy/uhly) —
124	10	cislo: 156 fotky: 10 povodni_slozka: 144 stav: ke_kontrole_eshop poznamka: vice fotek (barvy/uhly) —
125	4	cislo: 157 fotky: 4 povodni_slozka: 145 stav: ke_kontrole_eshop poznamka: vice fotek (barvy/uhly) — 
