id,slug,name,sku,category,subcategory_id,druh_id,druh_label,color_ids,image_count,price,in_stock,stock_quantity,is_new,in_vypredaj,created_at,updated_at
4b630d97-563b-4f00-a395-85e80676eec6,alstromeria,Alstroméria,PD-SH9X9RQU,Umelé kvety,stopkove-kvety,alstromeria,Alstroméria,"{biela,custom:800020:Bordov%C3%A1,ruzova,fialova,oranzova}",15,"1,00 €",true,,true,false,2026-08-18 09:01:03.609548+00,2026-08-18 09:01:03.609548+00
5725eab1-1b25-44c9-9ed6-5ebacdca8da1,amarant-laskavec,Amarant - láskavec,PD-L9WX5ZXC,Umelé kvety,stopkove-kvety,amarant,Amarant,"{ruzova,zelena,custom:6b7f5a-8a6a4a:Zeleno-hned%C3%A1}",10,"1,00 €",true,,true,false,2026-07-31 20:56:31.156631+00,2026-08-13 14:08:48.521922+00
2e5363ab-fa05-4265-b461-bb39fb287949,anturia-na-stopke,Antúria na stopke,PD-8YCD6HER,Umelé kvety,stopkove-kvety,anturia,Antúria,"{biela,oranzova,zelena,cervena,custom:b43c3c-e0c35a:%C4%8Cerveno-%C5%BElt%C3%A1}",15,"1,00 €",true,,true,false,2026-08-18 09:22:03.367973+00,2026-08-18 09:22:03.367973+00
0c39031e-294e-422f-a900-bd5777d350da,articoka-na-stopke,Artičoka na stopke,PD-DWH3PXWB,Umelé kvety,stopkove-kvety,articoka,Artičoka,"{custom:c08081:Staroru%C5%BEov%C3%A1,hneda,zelena,cervena}",12,"1,00 €",true,,true,true,2026-08-18 09:08:30.707034+00,2026-08-19 19:59:08.466557+00
52e10b61-64b9-45eb-b918-4c73ca7ca2ca,astra-na-stopke,Astra na stopke,PD-SUZRK7N4,Umelé kvety,stopkove-kvety,astra,Astra,"{fialova,ruzova}",6,"1,00 €",true,,true,false,2026-08-17 20:33:30.17742+00,2026-08-17 20:33:30.17742+00
ecb209fa-4b66-415d-947c-7d26fd18dbb4,bahniatka-farebne-varianty,Bahniatka - farebné varianty,PD-A4RH34GX,Umelé kvety,stopkove-kvety,bahniatka,Bahniatka,"{seda,biela,zelena}",10,"1,00 €",true,,true,false,2026-07-31 21:42:32.945929+00,2026-08-13 14:08:48.521922+00
baec3892-d0af-4799-bead-16cbd7c95a30,bahniatka-so-zelenou,Bahniatka so zeleňou,PD-RK2BCNLB,Umelé kvety,stopkove-kvety,bahniatka,Bahniatka,{seda},3,"1,00 €",true,,true,false,2026-07-31 21:41:12.687823+00,2026-08-13 14:08:48.521922+00
1619b9f5-5d91-45c2-9a50-cfcfbc68edab,bobule-cierne,Bobule čierne,PD-GSGXYG68,Umelé kvety,doplnky,bobule,Bobule,{custom:000000:%C4%8Cierna},3,"1,00 €",true,,true,false,2026-07-31 20:43:02.896263+00,2026-08-13 14:08:48.521922+00
aebc9827-8764-44ad-8687-50123e2659d4,bobulove-vetvicky,Bobuľové vetvičky,PD-M2VYSP87,Umelé kvety,stopkove-kvety,vetva,Vetva,"{biela,modra}",7,"1,00 €",true,,true,false,2026-07-31 20:05:02.192011+00,2026-08-13 14:08:48.521922+00
f69d556e-c466-4998-9356-7150e598d96f,brectan-pestrobarevny,Brečtan pestrobarevný,PD-FVFUYQ6F,Umelé kvety,listy,zelen,Zeleň / výplň,{zelena},3,"1,00 €",true,,true,false,2026-07-31 19:13:43.129775+00,2026-08-13 14:08:48.521922+00
15a9bc34-d877-45dd-9758-7a8fcb24f549,ceresnove-kvety-kvitnuca-haluzka,Čerešňové kvety - kvitnúca halúzka,PD-Z2SS7VFE,Umelé kvety,stopkove-kvety,haluzka,Halúzka,"{biela,zlta}",7,"1,00 €",true,,true,false,2026-07-31 21:22:40.2355+00,2026-08-13 14:08:48.521922+00
634e315c-5c46-4916-b825-81c5c5b0e9b3,ceresnovy-kvet-vetvicka,Čerešňový kvet - vetvička,PD-4K2KVXK7,Umelé kvety,stopkove-kvety,ceresna,Čerešňa,"{ruzova,biela,modra,cervena,kremova}",15,"1,00 €",true,,true,false,2026-08-17 19:53:14.917388+00,2026-08-17 19:53:14.917388+00
f9be5c34-2032-4f23-a5b0-719a9f847098,chryzantema-biela-stopka,Chryzantéma biela - stopka,PD-YA9PU8FG,Umelé kvety,stopkove-kvety,chryzantema,Chryzantéma,{biela},3,"1,00 €",true,,true,false,2026-08-17 21:44:13.711811+00,2026-08-17 21:44:13.711811+00
c4ba0f8e-a97f-4aff-becb-bbbeb0f2c750,chryzantema-na-stopke,Chryzantéma na stopke,PD-BA3TZLD2,Umelé kvety,stopkove-kvety,chryzantema,Chryzantéma,"{kremova,ruzova}",6,"1,00 €",true,,true,false,2026-08-17 21:47:22.681736+00,2026-08-17 21:47:22.681736+00
cbfea383-ace9-4655-9595-9d812c4a3b80,chryzantema-pavukovita,Chryzantéma pavúkovitá,PD-VFTKHAMK,Umelé kvety,stopkove-kvety,chryzantema,Chryzantéma,{ruzova},3,"1,00 €",true,,true,false,2026-08-17 22:13:49.819105+00,2026-08-17 22:13:49.819105+00
7eeced64-5f37-461d-b89e-d71542a263ee,chryzantema-pomponkova,Chryzantéma pomponková,PD-HVEM6XEA,Umelé kvety,stopkove-kvety,chryzantema,Chryzantéma,"{fialova,zelena,ruzova,kremova,zlta}",16,"1,00 €",true,,true,false,2026-07-31 19:41:31.244734+00,2026-08-13 14:08:48.521922+00
b93e607e-a8b0-497f-bb60-4cfbede273ec,cinia-na-stonke,Cínia na stonke,PD-AXK2AQXZ,Umelé kvety,stopkove-kvety,cinia,Cínia,"{custom:ffb6c1:Bledoru%C5%BEov%C3%A1,zlta,biela,fialova,custom:301934:Tmavofialov%C3%A1,custom:ff69b4:S%C3%BDtoru%C5%BEov%C3%A1}",18,"1,00 €",true,,true,false,2026-08-17 20:39:47.655517+00,2026-08-17 20:39:47.655517+00
07f62b5b-2f7a-4ddf-b551-25647a0c1c73,dekorativna-koralova-vetvicka,Dekoratívna koralová vetvička,PD-6V8N3GLP,Umelé kvety,vencovky,dekorativna-vetvicka,Dekoratívna vetvička,"{custom:6b7f5a-e0c35a:Zeleno-%C5%BElt%C3%A1,kremova,hneda,custom:d4894a-b43c3c:Oran%C5%BEovo-%C4%8Derven%C3%A1}",9,"1,00 €",true,,true,false,2026-08-17 20:51:47.781486+00,2026-08-17 20:52:08.653083+00
b4011963-17e3-4375-915a-c71139730db9,dekorativna-vyplnova-vetvicka,Dekoratívna výplňová vetvička,PD-V8J274BL,Umelé kvety,vencovky,dekorativna-vetvicka,Dekoratívna vetvička,"{cervena,zlta,custom:90ee90:Svetlozelen%C3%A1}",9,"1,00 €",true,,true,false,2026-08-17 21:58:51.976714+00,2026-08-17 21:58:51.976714+00
4ad1fc92-d396-464f-ad7f-f395a9e9539d,drobne-biele-kvietky-zvazok,Drobné biele kvietky - zväzok,PD-G6SWWGPL,Umelé kvety,doplnky,,,{biela},3,"1,00 €",true,,true,false,2026-07-31 19:37:38.425382+00,2026-08-13 14:08:48.521922+00
6fac7eb7-5b17-451d-ba87-2f2dce9f339f,drobne-hviezdicove-kvety,Drobné hviezdicové kvety,PD-YGSN57Q5,Umelé kvety,doplnky,,,"{fialova,custom:fa8072:Lososov%C3%A1,custom:90ee90:Svetlozelen%C3%A1}",10,"1,00 €",true,,true,false,2026-07-31 20:10:42.672039+00,2026-08-19 19:59:07.942349+00
cbc287c0-dc06-4a92-badf-b8dba6fd38a0,drobne-lucne-kvety,Drobné lúčne kvety,PD-WSHAM5KN,Umelé kvety,doplnky,,,"{modra,ruzova}",7,"1,00 €",true,,true,false,2026-07-31 20:03:58.386183+00,2026-08-13 14:08:48.521922+00
f522ff89-00da-4a36-81f2-39f6e6d60d33,drobne-polne-kvety,Drobné poľné kvety,PD-93NZX3AL,Umelé kvety,stopkove-kvety,polne-kvety,Poľné kvety,"{zlta,ruzova,biela,fialova,modra,oranzova,custom:ffb6c1:Bledoru%C5%BEov%C3%A1}",21,"1,00 €",true,,true,false,2026-08-17 20:04:32.137278+00,2026-08-17 20:05:01.916504+00
a3162479-45f8-4182-a811-dfaf0851e65d,drobne-sukvetia-ryzovy-kvet,Drobné súkvetia (ryžový kvet),PD-PV5A6BSH,Umelé kvety,doplnky,,,"{ruzova,kremova,cervena}",10,"1,00 €",true,,true,false,2026-07-31 20:49:03.677061+00,2026-08-13 14:08:48.521922+00
872a209d-3b7c-4c61-8a3d-44a38339ef58,drobnokvet-biely-zhluky,Drobnokvet biely (zhluky),PD-G6W5K5GE,Umelé kvety,doplnky,drobnokvet,Drobnokvet,{biela},3,"1,00 €",true,,true,false,2026-07-31 21:33:59.438737+00,2026-08-13 14:08:48.521922+00
9f20f9ad-6360-4a39-8a97-85c6894fe53a,drobnolista-vyplnova-zelen,Drobnolistá výplňová zeleň,PD-H6URQNEQ,Umelé kvety,listy,zelen,Zeleň / výplň,"{zlta,kremova,custom:fbceb1:Marhu%C4%BEov%C3%A1,ruzova}",13,"1,00 €",true,,true,false,2026-07-31 20:51:25.801873+00,2026-08-13 14:08:48.521922+00
6bec47c3-8cfb-4078-b118-d06c28053062,drobnolista-zelen,Drobnolistá zeleň,PD-TACKBR6V,Umelé kvety,listy,zelen,Zeleň / výplň,"{zelena,ruzova}",7,"1,00 €",true,,true,false,2026-07-31 19:42:14.53275+00,2026-08-13 14:08:48.521922+00
b2bc3e1c-9c80-4877-96ae-9c9ac3ec3e72,drobny-filler-hviezdicove-kvietky,Drobný filler - hviezdicové kvietky,PD-MXW7YA3V,Umelé kvety,listy,zelen,Zeleň / výplň,"{biela,ruzova}",7,"1,00 €",true,,true,false,2026-07-31 19:30:30.210532+00,2026-08-13 14:08:48.521922+00
3d583180-de60-4f51-a72d-6491cccb1710,dubova-haluzka,Dubová halúzka,PD-SCLJQZZE,Umelé kvety,listy,haluzka,Halúzka,{zelena},3,"1,00 €",true,,true,false,2026-07-31 20:11:08.268591+00,2026-08-13 14:08:48.521922+00
e3fee132-893a-4c39-8cc8-d1d49161ce6f,eukalyptus,Eukalyptus,PD-9YMB77VT,Umelé kvety,listy,eukalyptus,Eukalyptus,"{kremova,hneda,oranzova,zelena}",12,"1,00 €",true,,true,false,2026-08-18 09:25:01.418784+00,2026-08-18 09:25:01.418784+00
d6f9a17e-d3b7-46c3-8577-c45bfcb88e5e,eukalyptus-dlhy-stonok-61-cm,Eukalyptus - dlhý stonok (61 cm),PD-TLP2NV2N,Umelé kvety,listy,eukalyptus,Eukalyptus,{zelena},3,"1,00 €",true,,true,false,2026-07-31 20:30:42.787259+00,2026-08-13 14:08:48.521922+00
f0390150-33fd-4957-9cf7-98e3a0913743,eukalyptus-vetva-s-hnedym-stonkom,Eukalyptus - vetva s hnedým stonkom,PD-DBDHXBGB,Umelé kvety,listy,eukalyptus,Eukalyptus,{zelena},3,"1,00 €",true,,true,false,2026-07-31 20:34:14.13577+00,2026-08-13 14:08:48.521922+00
778e156a-cf96-4ea1-82de-1070361e3da5,eukalyptus-zvazok-so-zelenymi-tipmi,Eukalyptus - zväzok so zelenými tipmi,PD-4DU28CUA,Umelé kvety,listy,eukalyptus,Eukalyptus,{zelena},3,"1,00 €",true,,true,false,2026-07-31 20:31:16.563826+00,2026-08-13 14:08:48.521922+00
93f966d3-8e3e-4d24-988b-6ec286ef5165,eukalyptus-drobnolisty,Eukalyptus drobnolistý,PD-XVJAVMXA,Umelé kvety,listy,eukalyptus,Eukalyptus,{zelena},3,"1,00 €",true,,true,false,2026-07-31 20:13:56.156553+00,2026-08-13 14:08:48.521922+00
4fc4d990-4bbf-452c-9322-a90ae4bd1c21,eukalyptus-drobny-okruhly-2,Eukalyptus drobný okrúhly,PD-X83Q8CN4,Umelé kvety,listy,eukalyptus,Eukalyptus,"{zelena,custom:9caf88:Sivozelen%C3%A1,seda}",10,"1,00 €",true,,true,false,2026-07-31 21:14:23.910604+00,2026-08-19 19:59:08.871412+00
46c06c01-c609-4de8-a1be-82f8fc3532a6,eukalyptus-drobny-okruhly,Eukalyptus drobný okrúhly,PD-DY5G4E97,Umelé kvety,listy,eukalyptus,Eukalyptus,"{zelena,custom:9caf88:Sivozelen%C3%A1}",7,"1,00 €",true,,true,false,2026-07-31 20:20:04.288894+00,2026-08-13 14:08:48.521922+00
ed332e82-9f75-46aa-adf3-6ef5809ef79b,eukalyptus-drobny-okruhly-farebne-varianty,Eukalyptus drobný okrúhly - farebné varianty,PD-YYHUWX3T,Umelé kvety,listy,eukalyptus,Eukalyptus,"{custom:9caf88:Sivozelen%C3%A1,ruzova,hneda}",9,"1,00 €",true,,true,false,2026-07-31 21:16:08.631327+00,2026-08-19 19:59:07.855411+00
e5235cb5-a4da-4039-b80c-b87bd9b7e725,eukalyptus-drobny-okruhly-47-cm,Eukalyptus drobný okrúhly 47 cm,PD-6GPM2GLZ,Umelé kvety,listy,eukalyptus,Eukalyptus,{custom:8a6a4a-6b7f5a:Hnedo-zelen%C3%A1},3,"1,00 €",true,,true,false,2026-07-31 21:17:06.410159+00,2026-08-19 19:59:07.757892+00
6190cdb6-c514-44e7-9486-ac1fdaacaa4e,eukalyptus-okruhly-2,Eukalyptus okrúhly,PD-FERE5QDB,Umelé kvety,listy,eukalyptus,Eukalyptus,"{custom:50663d:Tmavozelen%C3%A1,custom:90ee90:Svetlozelen%C3%A1,custom:800020:Bordov%C3%A1}",10,"1,00 €",true,,true,false,2026-07-31 20:39:12.815597+00,2026-08-19 19:59:07.504745+00
0ed7a403-e4eb-4c0f-8dae-41cf724c8361,eukalyptus-okruhly,Eukalyptus okrúhly,PD-B5RDZFV7,Umelé kvety,listy,eukalyptus,Eukalyptus,"{ruzova,zelena}",6,"1,00 €",true,,true,false,2026-07-31 20:18:10.914969+00,2026-08-13 14:08:48.521922+00
7ae15a07-8522-43af-902a-afe8777fc152,eukalyptus-ruzovy,Eukalyptus ružový,PD-4Q5ZSRS3,Umelé kvety,listy,eukalyptus,Eukalyptus,{ruzova},3,"1,00 €",true,,true,false,2026-07-31 19:24:55.730292+00,2026-08-13 14:08:48.521922+00
f67494ec-76e3-45aa-b35a-d501fba4ca0e,eukalyptus-uzkolisty,Eukalyptus úzkolistý,PD-LFLKN8F8,Umelé kvety,listy,eukalyptus,Eukalyptus,{zelena},3,"1,00 €",true,,true,false,2026-07-31 20:12:17.474182+00,2026-08-13 14:08:48.521922+00
193874c7-2367-4b7f-a3c6-c6e05ba05129,exoticky-hviezdicovy-kvet,Exotický hviezdicový kvet,PD-5CZY68MC,Umelé kvety,stopkove-kvety,leucadendron,Leucadendron,"{custom:00ff00:Limetkov%C3%A1,kremova,custom:ffe5b4:Brosky%C5%88ov%C3%A1,custom:add8e6:Svetlomodr%C3%A1,ruzova}",15,"1,00 €",true,,true,false,2026-08-18 09:14:53.730876+00,2026-08-18 09:14:53.730876+00
0a77c3cb-5e69-4886-8763-350da24e7aab,fiala-fialova,Fiala fialová,PD-E5VALBXA,Umelé kvety,stopkove-kvety,fiala,Fiala,{fialova},3,"1,00 €",true,,true,false,2026-08-17 22:19:40.713529+00,2026-08-18 15:57:19.10361+00
0c733620-ea70-4baa-8cb3-d736a3a7b2dd,fiala-kremova,Fiala krémová,PD-7BHJ3NCA,Umelé kvety,stopkove-kvety,fiala,Fiala,"{kremova,biela}",6,"1,00 €",true,,true,false,2026-07-31 19:49:12.6587+00,2026-08-18 15:58:15.352214+00
823b6513-b8dc-4d14-bb83-51c290208ea1,fiala-na-stopke,Fiala na stopke,PD-QMT2GGBK,Umelé kvety,stopkove-kvety,fiala,Fiala,"{custom:6b7f5a-d4a0a8:Zeleno-ru%C5%BEov%C3%A1,ruzova,fialova}",9,"1,00 €",true,,false,true,2026-08-18 09:20:45.568263+00,2026-08-18 18:52:14.17672+00
ccfd17df-ac41-4f09-844c-ff79aad7e462,fiala-zlta,Fiala žltá,PD-X3ZLNLMN,Umelé kvety,stopkove-kvety,fiala,Fiala,{zlta},3,"1,00 €",true,,true,false,2026-07-31 19:32:58.502906+00,2026-08-18 15:57:19.10361+00
7b837f18-0cdc-43e1-b880-c916ad77042e,georgina,Georgína,PD-L8JU6QL6,Umelé kvety,stopkove-kvety,georgina,Georgína,"{biela,fialova,zelena}",9,"1,00 €",true,,true,false,2026-08-18 09:17:05.926711+00,2026-08-18 09:17:05.926711+00
a93b67c1-4f95-4aab-b63c-a365c8aff015,georgina-kytica-tmavocervena,Georgína kytica tmavočervená,PD-R6WCKM7X,Umelé kvety,kytice,georgina,Georgína,{cervena},3,"1,00 €",true,,true,false,2026-07-31 21:26:50.352466+00,2026-08-13 14:08:48.521922+00
51b06184-2e01-4a80-ae2b-595dee2f323d,georgina-mini-viacfarby,Georgína mini - viacfarby,PD-ZYY8G328,Umelé kvety,stopkove-kvety,georgina,Georgína,"{biela,kremova,ruzova,fialova,oranzova}",18,"1,00 €",true,,true,false,2026-07-31 19:21:58.053383+00,2026-08-13 14:08:48.521922+00
3a9b71c3-d6e8-4d71-b03f-f1cd8217058c,georgina-na-stopke,Georgína na stopke,PD-AMQ7TYEH,Umelé kvety,stopkove-kvety,georgina,Georgína,"{zelena,ruzova,fialova,zlta,biela,custom:c11c84:Tmavoru%C5%BEov%C3%A1}",18,"1,00 €",true,,true,false,2026-08-18 09:28:08.36384+00,2026-08-19 19:59:08.616209+00
6060c788-87d9-4016-9c06-722bad0161be,georgina-plna-zvazok,Georgína plná - zväzok,PD-D3X5NDZN,Umelé kvety,stopkove-kvety,georgina,Georgína,{ruzova},3,"1,00 €",true,,true,false,2026-07-31 21:18:59.747201+00,2026-08-18 17:08:54.502173+00
8aafbf42-bd3d-4f4f-997a-61c33135e892,georgina-spicata-zvazok,Georgína špicatá - zväzok,PD-SJVV4WK2,Umelé kvety,stopkove-kvety,georgina,Georgína,"{cervena,ruzova}",7,"1,00 €",true,,true,false,2026-07-31 19:17:17.326192+00,2026-08-18 17:08:33.316713+00
46119c4a-a0c5-46a7-a09d-fa41354853a9,gerbera-na-stonke,Gerbera na stonke,PD-ZS85B4NJ,Umelé kvety,stopkove-kvety,gerbera,Gerbera,"{modra,zlta,kremova,fialova,custom:c11c84:Tmavoru%C5%BEov%C3%A1,custom:ffb6c1:Svetloru%C5%BEov%C3%A1,custom:ffe5b4:Brosky%C5%88ov%C3%A1}",21,"1,00 €",true,,true,false,2026-08-18 09:04:16.231898+00,2026-08-19 19:59:08.275679+00
96eb70a6-8a4c-455b-9fa7-f1e8aa4b44e7,ginkgo-zlte,Ginkgo žlté,PD-YUKLY5QF,Umelé kvety,listy,ginkgo,Ginkgo,{zlta},3,"1,00 €",true,,true,false,2026-07-31 19:13:02.77242+00,2026-08-13 14:08:48.521922+00
d7e13235-7e31-4c0f-8dae-41cf724c8362,gladiola-biela-zvazok,Gladiola biela - zväzok,PD-D7TJ3235,Umelé kvety,stopkove-kvety,gladiola,Gladiola,{biela},3,"1,00 €",true,,true,false,2026-07-31 20:02:27.553896+00,2026-08-18 15:57:19.10361+00
4dfa956d-30a6-46e2-850a-4ee3d29e6b7a,gypsofilka-husta,Gypsofilka hustá,PD-SZZBEPH8,Umelé kvety,stopkove-kvety,gypsofilka,Gypsofilka,"{custom:ffb6c1:Svetloru%C5%BEov%C3%A1,custom:c11c84:Tmavoru%C5%BEov%C3%A1}",7,"1,00 €",true,,true,false,2026-07-31 20:47:19.339845+00,2026-08-19 19:59:08.676716+00
98274afa-d46f-49ad-b6bd-77e51bcafa31,gypsofilka-na-stopke,Gypsofilka na stopke,PD-K4T58VB7,Umelé kvety,stopkove-kvety,gypsofilka,Gypsofilka,{biela},3,"1,00 €",true,,false,false,2026-07-31 20:11:32.396937+00,2026-08-18 17:11:21.408943+00
9cca30f6-b0a4-4265-9d95-eb3b7ae69173,haluzka-kvitnucej-ceresne,Halúzka kvitnúcej čerešne,PD-ZRJBU48L,Umelé kvety,stopkove-kvety,ceresna,Čerešňa,"{kremova,modra,ruzova}",9,"1,00 €",true,,true,false,2026-08-17 19:54:30.644826+00,2026-08-17 19:54:30.644826+00
2956fb0e-f6d8-4f13-81a5-fa69bce65a7e,haluzka-s-drobnymi-bielymi-kvetmi,Halúzka s drobnými bielymi kvetmi,PD-8VMKLWMT,Umelé kvety,stopkove-kvety,haluzka,Halúzka,{biela},3,"1,00 €",true,,true,false,2026-08-17 21:31:15.074195+00,2026-08-17 21:31:15.074195+00
b3094828-f16b-4dfe-a41f-efe1e1f5db14,haluzka-s-pucikmi,Halúzka s púčikmi,PD-DZEKAD7G,Umelé kvety,stopkove-kvety,haluzka,Halúzka,"{ruzova,zelena}",7,"1,00 €",true,,true,false,2026-07-31 19:34:19.702504+00,2026-08-13 14:08:48.521922+00
650ddd33-bf60-4731-a865-79e5de541057,hortenzia,Hortenzia,PD-P73SPS8U,Umelé kvety,stopkove-kvety,hortenzia,Hortenzia,"{custom:c08081:Staroru%C5%BEov%C3%A1,fialova,oranzova}",9,"1,00 €",true,,true,false,2026-08-17 20:30:42.924459+00,2026-08-17 20:30:42.924459+00
2f296345-3209-48e4-8423-3bf27ffd12f1,hortenzia-stonok,Hortenzia - stonok,PD-MHY4YWPN,Umelé kvety,stopkove-kvety,hortenzia,Hortenzia,"{biela,zelena,modra,zlta}",13,"1,00 €",true,,true,false,2026-07-31 19:04:05.368564+00,2026-08-13 14:08:48.521922+00
38a84572-b740-4624-8d8c-ceba69218e6f,hortenzia-stonok-61-cm,Hortenzia - stonok 61 cm,PD-MFYC8XME,Umelé kvety,stopkove-kvety,hortenzia,Hortenzia,"{custom:9a9a96-7a5f8a:Sivo-modr%C3%A1,fialova,ruzova}",10,"1,00 €",true,,true,false,2026-07-31 21:45:33.250193+00,2026-08-13 14:08:48.521922+00
35b8aa3d-6338-4daf-ab0a-596339655420,hortenzia-kremova,Hortenzia krémová,PD-ZM9T7G26,Umelé kvety,stopkove-kvety,hortenzia,Hortenzia,{kremova},3,"1,00 €",true,,true,false,2026-07-31 19:29:15.889373+00,2026-08-13 14:08:48.521922+00
b92de140-3cfc-40d4-9e51-a5a4e4c7300c,hortenzia-kytica-so-zelenou,Hortenzia kytica so zeleňou,PD-ELP2PLU5,Umelé kvety,kytice,hortenzia,Hortenzia,"{fialova,modra,ruzova}",9,"1,00 €",true,,true,false,2026-07-31 21:20:43.997899+00,2026-08-13 14:08:48.521922+00
193c2d5e-913a-471e-b074-3c32cc04f157,hortenzia-na-dlhej-stopke,Hortenzia na dlhej stopke,PD-PNDTQUKV,Umelé kvety,stopkove-kvety,hortenzia,Hortenzia,"{biela,oranzova,custom:00ff00:Limetkov%C3%A1,custom:800020:Bordov%C3%A1,custom:6b7f5a-d4a0a8:Zeleno-ru%C5%BEov%C3%A1}",15,"1,00 €",true,,true,false,2026-08-17 20:28:01.025076+00,2026-08-19 19:59:08.404163+00
b4275106-8d24-44fc-a2a4-56ec03ce9690,hortenzia-na-stonke,Hortenzia na stonke,PD-46BAR5MD,Umelé kvety,stopkove-kvety,hortenzia,Hortenzia,"{custom:d4894a-e0c35a:Oran%C5%BEovo-%C5%BElt%C3%A1,fialova,custom:c08081:Staroru%C5%BEov%C3%A1}",9,"1,00 €",true,,true,false,2026-08-18 09:19:09.018167+00,2026-08-19 19:59:08.555277+00
f60d2be5-d92f-4444-83a9-626815fbf412,hortenzia-na-stopke,Hortenzia na stopke,PD-2VRMZHEH,Umelé kvety,stopkove-kvety,hortenzia,Hortenzia,"{biela,modra,ruzova}",9,"1,00 €",true,,true,false,2026-08-17 20:14:24.563184+00,2026-08-17 20:14:24.563184+00
d7141b5a-611d-4709-a9b4-f6dcd1005c60,hortenzia-na-stopke-3,Hortenzia na stopke,PD-DQUM4397,Umelé kvety,stopkove-kvety,hortenzia,Hortenzia,"{biela,custom:00ff00:Limetkov%C3%A1}",6,"1,00 €",true,,true,false,2026-08-18 09:09:38.338717+00,2026-08-18 09:09:38.338717+00
3325d1b8-3632-44ca-8402-7a310d9d95fa,hortenzia-na-stopke-2,Hortenzia na stopke,PD-883T8ZKL,Umelé kvety,stopkove-kvety,hortenzia,Hortenzia,"{kremova,ruzova,custom:800020:Bordov%C3%A1,custom:90ee90:Svetlozelen%C3%A1,biela,custom:ffb6c1:Svetloru%C5%BEov%C3%A1}",18,"1,00 €",true,,true,false,2026-08-17 21:42:07.04241+00,2026-08-17 21:50:58.392944+00
9ea92591-c3af-488c-b07c-19cebe452311,hyacint,Hyacint,PD-VBN8YV5R,Umelé kvety,stopkove-kvety,hyacint,Hyacint,"{biela,fialova,ruzova,modra,zlta,custom:b489cd:Svetlofialov%C3%A1}",20,"1,00 €",true,,true,false,2026-07-31 19:57:20.75324+00,2026-08-13 14:08:48.521922+00
f6226aa2-0266-4e06-b5c3-e12ea8656f92,ihlicnata-haluzka-cyprustek,Ihličnatá halúzka (cypruštek),PD-HY85BH7T,Umelé kvety,listy,haluzka,Halúzka,{custom:9caf88:Sivozelen%C3%A1},3,"1,00 €",true,,true,false,2026-07-31 20:44:00.266038+00,2026-08-13 14:08:48.521922+00
706de4c2-1e17-4160-9185-f88e47e8cff9,ihlicovita-protea,Ihlicovitá protea,PD-QGZFDBAA,Umelé kvety,stopkove-kvety,protea,Protea,"{custom:90ee90:Svetlozelen%C3%A1,oranzova}",6,"1,00 €",true,,true,false,2026-08-17 21:52:58.793818+00,2026-08-17 21:52:58.793818+00
f5946d32-81d6-4a49-98de-4a29d894abc3,iskernik-ranunculus-zvazok,Iskerník (ranunculus) - zväzok,PD-6CXL3TUG,Umelé kvety,stopkove-kvety,iskernik,Iskerník,"{biela,ruzova,zlta,oranzova}",13,"1,00 €",true,,true,false,2026-07-31 21:24:11.715255+00,2026-08-13 14:08:48.521922+00
83992e6d-78f6-48ea-8473-bfa97f9df525,iskernik-biely,Iskerník biely,PD-2H78FKP6,Umelé kvety,stopkove-kvety,iskernik,Iskerník,{biela},3,"1,00 €",true,,true,false,2026-07-31 20:05:31.115236+00,2026-08-13 14:08:48.521922+00
e9873f34-79b9-4410-922d-f7dd72d300f7,jazminovy-spray-biely,Jazmínový spray biely,PD-W46KRFGE,Umelé kvety,stopkove-kvety,jazmin,Jazmín,{biela},3,"1,00 €",true,,true,false,2026-07-31 19:11:17.765273+00,2026-08-13 14:08:48.521922+00
075fd5ea-80f8-4e21-b9cc-7cb99be61c7d,jemna-zelen-s-farebnymi-koncekmi,Jemná zeleň s farebnými končekmi,PD-WRTD9QD2,Umelé kvety,listy,zelen,Zeleň / výplň,"{oranzova,fialova}",6,"1,00 €",true,,true,false,2026-08-17 21:57:22.130941+00,2026-08-17 21:57:22.130941+00
7a6d14cd-f980-4a44-83cc-a87b6e60e625,kala-na-stopke,Kala na stopke,PD-W4AQRMPE,Umelé kvety,stopkove-kvety,kala,Kala,"{biela,zelena}",6,"1,00 €",true,,true,false,2026-08-18 09:15:38.33634+00,2026-08-18 09:15:38.33634+00
3a7ffc1c-d5b9-4fa5-9129-84a2d7441d78,klincek-zvazok,Klinček - zväzok,PD-9PN37B4C,Umelé kvety,stopkove-kvety,klincek,Klinček,"{cervena,biela}",7,"1,00 €",true,,true,false,2026-07-31 21:17:56.722243+00,2026-08-13 14:08:48.521922+00
97ac2307-5cf6-47d7-8f7c-c402e7dcaa8b,klincek-biely,Klinček biely,PD-2PQSPSVK,Umelé kvety,stopkove-kvety,klincek,Klinček,{biela},3,"1,00 €",true,,true,false,2026-08-17 22:18:59.839567+00,2026-08-17 22:18:59.839567+00
7eb37d9c-f4cc-4260-861d-2482c020d741,klincek-green-trick,Klinček Green Trick,PD-JV4FHYV9,Umelé kvety,stopkove-kvety,klincek,Klinček,{zelena},3,"1,00 €",true,,true,false,2026-07-31 21:12:58.026036+00,2026-08-13 14:08:48.521922+00
3c5d095e-76bc-43ce-8266-3673e24555cc,krasnoocko-cosmos,Krásnoočko - cosmos,PD-SMANY4CM,Umelé kvety,stopkove-kvety,krasnoocko,Krásnoočko,"{fialova,ruzova}",7,"1,00 €",true,,true,false,2026-07-31 19:24:17.549372+00,2026-08-13 14:08:48.521922+00
0f3319e3-3e49-4478-a690-b62a98fa4ce1,kurkuma-na-stonke,Kurkuma na stonke,PD-6SQN33HQ,Umelé kvety,stopkove-kvety,kurkuma,Kurkuma,"{kremova,custom:ffb6c1:Bledoru%C5%BEov%C3%A1,custom:c11c84:Tmavoru%C5%BEov%C3%A1}",9,"1,00 €",true,,true,false,2026-08-17 20:45:12.912358+00,2026-08-17 20:45:12.912358+00
faddf312-fc8f-416d-b953-7cc43ce9eb92,kvitnuca-haluzka-hviezdicove-kvety,Kvitnúca halúzka (hviezdicové kvety),PD-V3VEU6AV,Umelé kvety,stopkove-kvety,haluzka,Halúzka,"{zlta,zelena}",7,"1,00 €",true,,true,false,2026-07-31 19:39:43.317141+00,2026-08-13 14:08:48.521922+00
93cf5127-fcfb-4692-a6ee-7ac646ce1a04,kvitnuca-haluzka-biela,Kvitnúca halúzka biela,PD-DGETMEPJ,Umelé kvety,stopkove-kvety,haluzka,Halúzka,"{biela,kremova}",4,"1,00 €",true,,true,false,2026-07-31 21:18:36.22908+00,2026-08-13 14:08:48.521922+00
4df40b55-5efe-4262-b69f-3ca34ac6939a,kvitnuca-haluzka-s-drobnymi-kvetmi,Kvitnúca halúzka s drobnými kvetmi,PD-N5GMD8MT,Umelé kvety,stopkove-kvety,haluzka,Halúzka,"{ruzova,fialova}",6,"1,00 €",true,,true,false,2026-08-17 21:37:32.914252+00,2026-08-17 21:37:32.914252+00
6d4c16ed-5870-4dae-bbba-141ad35c909a,kvitnuca-vetva-drobny-kvet,Kvitnúca vetva (drobný kvet),PD-RSG6YM76,Umelé kvety,stopkove-kvety,vetva,Vetva,"{kremova,custom:800020:Bordov%C3%A1,custom:ffe5b4:Brosky%C5%88ov%C3%A1}",10,"1,00 €",true,,true,false,2026-07-31 20:01:45.62617+00,2026-08-19 19:59:08.216477+00
e1e81faf-07bd-4c03-b6d9-62fbceff600e,kvitnuca-vetvicka-ceresne,Kvitnúca vetvička čerešne,PD-SGY647CX,Umelé kvety,stopkove-kvety,ceresna,Čerešňa,"{biela,ruzova}",6,"1,00 €",true,,true,false,2026-08-17 21:36:11.381431+00,2026-08-17 21:36:11.381431+00
c338c6bb-c249-4278-b5bd-444cb4b97933,kytica-bielo-zelena,Kytica bielo-zelená,PD-ZHFBJGDT,Umelé kvety,kytice,,,{custom:ffffff-6b7f5a:Bielo-zelen%C3%A1},3,"0,00 €",true,,true,false,2026-07-31 19:35:56.584216+00,2026-08-13 14:08:48.521922+00
9cc94bdd-4991-4b43-8fd5-ed27d58bc4a2,kytica-ceresnovych-kvetov,Kytica čerešňových kvetov,PD-BWTYVGQW,Umelé kvety,kytice,ceresna,Čerešňa,"{kremova,ruzova,custom:800020:Bordov%C3%A1}",9,"1,00 €",true,,true,false,2026-08-17 19:45:04.387182+00,2026-08-17 19:45:04.387182+00
908fced5-94c0-4533-8ee5-cb7083a4a135,kytica-cervenych-ruzi-s-drobnymi-kvetmi,Kytica červených ruží s drobnými kvetmi,PD-YJ7ZPJWC,Umelé kvety,kytice,ruze,Ruže,{cervena},3,"1,00 €",true,,true,false,2026-07-31 19:16:15.345247+00,2026-08-19 12:19:37.13273+00
a272f261-9e2b-431f-8510-b5da0e9e20fe,kytica-chryzantem-2,Kytica chryzantém,PD-264E8NE9,Umelé kvety,kytice,chryzantema,Chryzantéma,"{kremova,biela}",6,"1,00 €",true,,true,false,2026-08-17 21:46:40.932221+00,2026-08-18 15:58:15.352214+00
7f6c0b25-6a45-43d0-97f1-cc77338cd52e,kytica-cinii,Kytica cínií,PD-RKCXN3HE,Umelé kvety,kytice,cinia,Cínia,{ruzova},3,"1,00 €",true,,true,false,2026-08-17 21:44:55.459131+00,2026-08-17 21:44:55.459131+00
0503fb9b-7d85-4251-bba9-9a656f9280f6,kytica-daisy-chryzantem,Kytica daisy chryzantém,PD-ABN8TRKA,Umelé kvety,kytice,chryzantema,Chryzantéma,"{biela,zlta}",6,"1,00 €",true,,true,false,2026-08-17 19:57:29.93208+00,2026-08-18 17:07:53.244972+00
3317ed08-3765-4f35-8490-823ee2d3b981,kytica-drobnych-astier,Kytica drobných astier,PD-ZFLQXELK,Umelé kvety,kytice,astra,Astra,{fialova},3,"1,00 €",true,,true,false,2026-08-17 19:56:11.69635+00,2026-08-17 19:56:11.69635+00
b6a4a140-9d53-4740-9be1-0ba1f681aa86,kytica-drobnych-kvietkov-so-zelenou,Kytica drobných kvietkov so zeleňou,PD-ALL9V84K,Umelé kvety,kytice,zelen,Zeleň / výplň,"{biela,ruzova,fialova}",9,"1,00 €",true,,true,false,2026-07-31 21:12:22.008732+00,2026-08-13 14:08:48.521922+00
95f2c8ee-59ee-4c05-a71b-022a0d17c8f8,kytica-drobnych-pivoniek,Kytica drobných pivoniek,PD-FWG994ZY,Umelé kvety,kytice,pivonie,Pivónie,"{custom:800020:Bordov%C3%A1,ruzova}",6,"1,00 €",true,,true,false,2026-08-18 09:23:39.888085+00,2026-08-18 09:23:39.888085+00
2b9feae0-4717-4cd1-b838-4ad4937ebadd,kytica-eukalyptu-a-papradia,Kytica eukalyptu a papradia,PD-XK3F2UNX,Umelé kvety,kytice,eukalyptus,Eukalyptus,{custom:8a6a4a-7a5f8a:Hnedo-fialov%C3%A1},3,"1,00 €",true,,true,false,2026-08-17 22:15:19.21537+00,2026-08-17 22:15:19.21537+00
3aed9d73-a106-4939-8ef0-dae274d5922d,kytica-georgin-s-vyplnou,Kytica georgín s výplňou,PD-33WWXG4C,Umelé kvety,kytice,georgina,Georgína,{custom:e8d9c4-5a7a9a:Kr%C3%A9movo-modr%C3%A1},3,"1,00 €",true,,true,false,2026-08-17 21:56:27.43821+00,2026-08-18 17:09:37.563808+00
ea37c03b-89d2-40f1-bf0f-619ddd47c57a,kytica-gerber,Kytica gerber,PD-55AGXWGS,Umelé kvety,kytice,gerbera,Gerbera,"{biela,kremova}",6,"1,00 €",true,,true,false,2026-08-17 21:41:25.135853+00,2026-08-17 21:41:25.135853+00
c952a14e-c819-4b7f-a4ba-9bfd239c5b44,kytica-gerbery,Kytica gerbery,PD-QMUNKC9H,Umelé kvety,kytice,gerbera,Gerbera,"{biela,ruzova,zlta,custom:800020:Bordov%C3%A1}",12,"1,00 €",true,,true,false,2026-08-17 19:49:41.115685+00,2026-08-17 19:49:41.115685+00
aa6666aa-17e2-4f8c-88fa-c5f8d39946dd,kytica-gulatych-chryzantem,Kytica guľatých chryzantém,PD-GGJ666RA,Umelé kvety,kytice,chryzantema,Chryzantéma,{cervena},3,"1,00 €",true,,false,false,2026-08-17 22:24:17.549755+00,2026-08-18 17:10:37.874013+00
272187ad-79ea-4a58-9505-a996f65b7b2d,kytica-hortenzii,Kytica hortenzií,PD-3BCESM5Y,Umelé kvety,kytice,hortenzia,Hortenzia,{zelena},3,"1,00 €",true,,true,false,2026-08-17 20:12:39.882875+00,2026-08-17 20:12:39.882875+00
34d50f53-cf11-4fbf-8a05-90189c92e323,kytica-ihlicovitych-chryzantem,Kytica ihlicovitých chryzantém,PD-LTT8KGDY,Umelé kvety,kytice,chryzantema,Chryzantéma,{zlta},3,"1,00 €",true,,true,false,2026-08-17 21:45:55.394851+00,2026-08-17 21:45:55.394851+00
f2a38815-383f-4eb5-b1b5-0885061dd151,kytica-iskernikov,Kytica iskerníkov,PD-AGNWJVHS,Umelé kvety,kytice,iskernik,Iskerník,"{zlta,custom:c08081:Staroru%C5%BEov%C3%A1}",6,"1,00 €",true,,true,false,2026-08-17 20:49:14.825005+00,2026-08-17 20:49:14.825005+00
54d2b5f3-3cbe-42ef-8105-f92ef248f2ac,kytica-iskernikov-bielo-fialova,Kytica iskerníkov bielo-fialová,PD-GDR4HC3F,Umelé kvety,kytice,iskernik,Iskerník,{custom:f5f2ec-7a5f8a:Bielo-fialov%C3%A1},3,"1,00 €",true,,true,false,2026-08-17 22:16:13.051679+00,2026-08-17 22:16:13.051679+00
cff1b8f9-0234-4564-a0db-c54972f00c89,kytica-iskernikov-kremova,Kytica iskerníkov krémová,PD-KFXU8BKF,Umelé kvety,kytice,iskernik,Iskerník,{kremova},3,"1,00 €",true,,true,false,2026-08-17 19:56:41.24964+00,2026-08-17 19:56:41.24964+00
47ca7ad2-069c-41c6-9ed3-e331240f0023,kytica-klincekov,Kytica klinčekov,PD-PBXJXYKJ,Umelé kvety,kytice,klincek,Klinček,{custom:301934:Tmavofialov%C3%A1},3,"1,00 €",true,,true,false,2026-08-17 22:18:14.554363+00,2026-08-19 19:59:08.133383+00
0231e7a3-c991-4804-90c0-9db0d05a9572,kytica-kremove-pompony,Kytica krémové pompony,PD-J4L3H3T7,Umelé kvety,kytice,pompony,Pompony,{kremova},3,"1,00 €",true,,true,false,2026-07-31 19:43:53.044686+00,2026-08-13 14:08:48.521922+00
73f40ac6-cf34-4ec7-bf02-c3dfc8e8d178,kytica-kremovych-georgin,Kytica krémových georgín,PD-VBKGGJYF,Umelé kvety,kytice,georgina,Georgína,{kremova},3,"1,00 €",true,,true,false,2026-08-17 22:26:00.421134+00,2026-08-17 22:26:00.421134+00
14ec05f9-e3a2-4ba9-84ea-9c1e632facee,kytica-kremovych-ruzi,Kytica krémových ruží,PD-JLBY9GW3,Umelé kvety,kytice,ruze,Ruže,{kremova},3,"1,00 €",true,,true,false,2026-08-17 20:13:19.679178+00,2026-08-17 20:13:19.679178+00
dfd16dbb-01c1-4b09-b10a-7878b8acd89a,kytica-lalii,Kytica ľalií,PD-XZ9PKYZ8,Umelé kvety,kytice,lalia,Ľalia,"{fialova,kremova,biela}",9,"1,00 €",true,,true,false,2026-08-17 19:58:40.272483+00,2026-08-17 19:58:40.272483+00
cb452999-da7f-4b08-855d-278962433105,kytica-lalii-s-bobulkami,Kytica ľalií s bobuľkami,PD-KKG3B5AU,Umelé kvety,kytice,lalia,Ľalia,"{kremova,zlta,ruzova}",9,"1,00 €",true,,true,false,2026-08-18 09:31:06.167697+00,2026-08-18 09:31:06.167697+00
009f2b9a-c697-4a45-9d2f-5ed28dba02ab,kytica-magnolii-kremova,Kytica magnólií krémová,PD-8Z24KT2L,Umelé kvety,kytice,magnolia,Magnólia,{kremova},3,"1,00 €",true,,true,false,2026-08-17 20:09:12.758048+00,2026-08-17 20:09:12.758048+00
d9539ce6-6165-444d-bbb1-3b82149b40fd,kytica-margaretiek,Kytica margarétiek,PD-CQERRT35,Umelé kvety,kytice,margaretka,Margarétka,"{zlta,zelena,ruzova,custom:800020:Bordov%C3%A1,custom:d4894a-b43c3c:Oran%C5%BEovo-%C4%8Derven%C3%A1}",15,"1,00 €",true,,true,false,2026-08-17 19:42:01.453115+00,2026-08-17 19:42:01.453115+00
14f3b091-e17e-4f8c-88fa-c5f8d39946dc,kytica-pivoniek-3,Kytica pivoniek,PD-NSGKELTE,Umelé kvety,kytice,pivonie,Pivónie,"{custom:800020:Bordov%C3%A1,kremova}",6,"1,00 €",true,,true,false,2026-08-17 20:11:29.355379+00,2026-08-18 15:58:15.352214+00
a2d1eaa7-c895-4344-906d-6c9e5c06636b,kytica-pivoniek,Kytica pivoniek,PD-BT6XFTMN,Umelé kvety,kytice,pivonie,Pivónie,{biela},3,"1,00 €",true,,true,false,2026-07-31 20:57:02.615231+00,2026-08-13 14:08:48.521922+00
11457a86-a178-47ad-8b62-be17c0e7a95e,kytica-pivoniek-2,Kytica pivoniek,PD-8WZHZJGT,Umelé kvety,kytice,pivonie,Pivónie,"{custom:800020:Bordov%C3%A1,kremova,biela,zelena,ruzova}",15,"1,00 €",true,,true,false,2026-08-17 20:00:04.790482+00,2026-08-19 11:58:15.705351+00
baa037fb-6172-47f3-932b-65c7ec8e1b53,kytica-pivoniek-4,Kytica pivoniek,PD-3K695XDV,Umelé kvety,kytice,pivonie,Pivónie,"{biela,oranzova}",6,"1,00 €",true,,true,false,2026-08-17 20:40:48.126027+00,2026-08-17 20:40:48.126027+00
7bb08287-5b1e-49bb-b170-5797fb7bb86c,kytica-pivoniek-a-hortenzii,Kytica pivoniek a hortenzií,PD-UAKLLPYU,Umelé kvety,kytice,pivonie,Pivónie,"{custom:b43c3c-d4a0a8:%C4%8Cerveno-ru%C5%BEov%C3%A1,kremova,custom:722f37-e8d9c4:V%C3%ADnovo-kr%C3%A9mov%C3%A1}",9,"1,00 €",true,,true,false,2026-08-17 22:11:48.928933+00,2026-08-17 22:11:48.928933+00
0ef3d821-edd9-42ff-a132-94377ebd4720,kytica-pivoniek-biela-puciky,Kytica pivoniek biela - púčiky,PD-2HULXW68,Umelé kvety,kytice,pivonie,Pivónie,{biela},3,"1,00 €",true,,true,false,2026-07-31 19:15:22.197483+00,2026-08-19 12:06:41.777473+00
badb6213-c8de-4a88-8aab-d0a54be51297,kytica-pivoniek-s-levandulou,Kytica pivoniek s levanduľou,PD-S4HKNGB6,Umelé kvety,kytice,pivonie,Pivónie,"{kremova,ruzova}",6,"1,00 €",true,,true,false,2026-08-17 22:00:44.29043+00,2026-08-17 22:00:44.29043+00
a691a455-3043-49eb-b63a-dd4f89c691ea,kytica-pomponkovych-chryzantem,Kytica pomponkových chryzantém,PD-T7P5476C,Umelé kvety,kytice,chryzantema,Chryzantéma,{custom:00ff00:Limetkov%C3%A1},3,"1,00 €",true,,true,false,2026-08-17 20:08:34.360782+00,2026-08-19 19:59:08.805978+00
45c4c15d-9121-4176-934e-6a238e6ee8a1,kytica-pomponovych-chryzantem,Kytica pomponových chryzantém,PD-TZDGX9ND,Umelé kvety,kytice,chryzantema,Chryzantéma,"{zlta,kremova}",6,"1,00 €",true,,true,false,2026-08-17 21:42:55.335384+00,2026-08-18 17:10:02.793072+00
fb5180ba-a7d3-4876-81f3-44950e562e6a,kytica-riasenych-chryzantem,Kytica riasených chryzantém,PD-YGWYYMFC,Umelé kvety,kytice,chryzantema,Chryzantéma,"{oranzova,biela,ruzova}",9,"1,00 €",true,,true,false,2026-08-17 22:07:32.11969+00,2026-08-18 17:10:16.943259+00
f8e070fb-9d52-4508-97f3-d8995393e272,kytica-rozchodnika,Kytica rozchodníka,PD-VEA8TS5S,Umelé kvety,kytice,rozchodnik,Rozchodník,"{fialova,ruzova,kremova,zlta}",12,"1,00 €",true,,true,false,2026-08-17 21:40:33.135266+00,2026-08-17 21:40:33.135266+00
0c28821c-810b-4de7-b17f-ba878278d645,kytica-ruzi,Kytica ruží,PD-S3LPHA87,Umelé kvety,kytice,ruze,Ruže,"{custom:c08081:Staroru%C5%BEov%C3%A1,cervena,biela,custom:c11c84:Tmavoru%C5%BEov%C3%A1}",12,"1,00 €",true,,true,false,2026-08-17 20:16:15.41647+00,2026-08-17 20:16:15.41647+00
c8d157b4-5ef9-4e70-9f7c-10ea293e1768,kytica-ruzi-36-cm,Kytica ruží 36 cm,PD-KQ4L9HSH,Umelé kvety,kytice,ruze,Ruže,"{kremova,cervena,ruzova,biela}",12,"1,00 €",true,,true,false,2026-07-31 21:08:19.334724+00,2026-08-13 14:08:48.521922+00
0a38841c-3789-46d5-9a24-0079487c4c55,kytica-ruzi-a-hortenzii,Kytica ruží a hortenzií,PD-WK79SKRE,Umelé kvety,kytice,ruze,Ruže,{kremova},3,"1,00 €",true,,true,false,2026-08-17 22:25:13.338803+00,2026-08-17 22:25:13.338803+00
acd228ff-ff0c-4c8b-a02b-d861b990c225,kytica-ruzi-s-drobnymi-kvetmi,Kytica ruží s drobnými kvetmi,PD-CV7RHA8X,Umelé kvety,kytice,ruze,Ruže,"{kremova,oranzova}",6,"1,00 €",true,,true,false,2026-08-17 21:59:44.758707+00,2026-08-17 21:59:44.758707+00
b667a39b-4d49-4148-aec2-5de3a9e48053,kytica-ruzi-s-vyplnou,Kytica ruží s výplňou,PD-EX4A5DWR,Umelé kvety,kytice,ruze,Ruže,"{kremova,custom:c08081:Staroru%C5%BEov%C3%A1}",6,"1,00 €",true,,true,false,2026-08-17 20:10:29.845048+00,2026-08-17 20:10:29.845048+00
988e6f99-40a1-4202-9a83-69c103a1d807,kytica-ruzi-svetloruzova,Kytica ruží svetloružová,PD-H3GY6UTW,Umelé kvety,kytice,ruze,Ruže,{ruzova},3,"1,00 €",true,,true,false,2026-07-31 21:29:59.185353+00,2026-08-13 14:08:48.521922+00
260cc581-469e-4e80-9e75-e92b1e34b003,kytica-slnecnic,Kytica slnečníc,PD-DF22Q93S,Umelé kvety,kytice,slnecnica,Slnečnica,{zlta},3,"1,00 €",true,,true,false,2026-08-17 21:43:36.567606+00,2026-08-17 21:43:36.567606+00
3f2be2d0-b75c-4eec-8c1e-0a4a5013e4b2,kytica-spicatych-georgin,Kytica špicatých georgín,PD-H77ZU33M,Umelé kvety,kytice,georgina,Georgína,"{custom:d4894a-b43c3c:Oran%C5%BEovo-%C4%8Derven%C3%A1,fialova,custom:c08081:Staroru%C5%BEov%C3%A1}",9,"1,00 €",true,,true,false,2026-08-17 22:02:52.169836+00,2026-08-18 17:09:10.207193+00
44e522cd-900e-4d53-8791-a8941b880e3d,kytica-tulipanov,Kytica tulipánov,PD-M8H9KM8K,Umelé kvety,kytice,tulipan,Tulipán,"{fialova,kremova,ruzova}",9,"1,00 €",true,,true,false,2026-08-17 20:24:08.890562+00,2026-08-17 20:24:08.890562+00
2b61260b-0c93-4589-8831-6eac0c00c6c9,kyticka-iskernika-a-klinceka,Kytička iskerníka a klinčeka,PD-CLXNJY5Q,Umelé kvety,kytice,iskernik,Iskerník,{custom:e0c35a-d4894a:%C5%BDlto-oran%C5%BEov%C3%A1},3,"1,00 €",true,,true,false,2026-08-17 19:55:27.484389+00,2026-08-17 19:55:27.484389+00
45cc1994-2d28-429c-a720-63e37ff51c1b,lalia-na-stopke,Ľalia na stopke,PD-SUPNPL7J,Umelé kvety,stopkove-kvety,lalia,Ľalia,"{biela,zlta}",6,"1,00 €",true,,true,false,2026-08-18 09:17:52.661333+00,2026-08-18 09:17:52.661333+00
44698313-ef8d-4f07-95fb-cdb20289ab8a,list-mecovity-aspidistra,List mečovitý (aspidistra),PD-TPECXQXW,Umelé kvety,listy,zelen,Zeleň / výplň,{zelena},3,"1,00 €",true,,true,false,2026-07-31 20:20:37.689173+00,2026-08-13 14:08:48.521922+00
e1ec65cb-cf87-4151-b4fc-e92150227d7a,listova-vetva-leskla,Listová vetva (lesklá),PD-4QNC5E6U,Umelé kvety,listy,vetva,Vetva,{zelena},3,"1,00 €",true,,true,false,2026-07-31 20:16:41.324286+00,2026-08-13 14:08:48.521922+00
123ce826-f2e3-4833-b427-cd47c1c1e01b,listova-vetva-rozvetvena,Listová vetva (rozvetvená),PD-4RF7TNN7,Umelé kvety,listy,vetva,Vetva,{zelena},3,"1,00 €",true,,true,false,2026-07-31 20:15:15.73467+00,2026-08-13 14:08:48.521922+00
aaca085b-bf16-435e-826c-3f8771e379c0,listovy-konar-leskly,Listový konár (lesklý),PD-FMC87JPW,Umelé kvety,listy,vetva,Vetva,{zelena},3,"1,00 €",true,,true,false,2026-07-31 19:12:01.458993+00,2026-08-13 14:08:48.521922+00
c5472c0d-c99e-4442-994b-d8c0aaf5bca0,magnolia-zvazok-bielo-ruzovy,Magnólia - zväzok bielo-ružový,PD-972HX445,Umelé kvety,stopkove-kvety,magnolia,Magnólia,{biela},3,"1,00 €",true,,true,false,2026-07-31 19:31:05.283584+00,2026-08-13 14:08:48.521922+00
eea89e14-f475-4a33-9c39-81c3ffa8c5b3,margaretka-kremova-vetvicka,Margarétka krémová - vetvička,PD-88NJ2LJK,Umelé kvety,stopkove-kvety,margaretka,Margarétka,{kremova},3,"1,00 €",true,,true,false,2026-08-17 21:54:25.905484+00,2026-08-17 21:54:25.905484+00
d8faec12-910a-4567-907a-b19f83ed4c75,margaretka-na-stopke,Margarétka na stopke,PD-LEVUJLNY,Umelé kvety,stopkove-kvety,margaretka,Margarétka,"{zlta,ruzova,custom:00ff00:Limetkov%C3%A1,custom:fbceb1:Marhu%C4%BEov%C3%A1}",12,"1,00 €",true,,true,false,2026-08-18 09:30:10.932011+00,2026-08-18 09:30:10.932011+00
c38071fa-f185-4790-8e3a-7364e3dbf1bd,mecik-biely,Mečík biely,PD-NWDB3C22,Umelé kvety,stopkove-kvety,mecik,Mečík,{biela},3,"1,00 €",true,,true,false,2026-08-17 22:21:22.172466+00,2026-08-18 15:57:19.10361+00
99bf824e-59f6-4a8d-9501-0f5f95601bd7,mecik-na-stonke,Mečík na stonke,PD-PTLYU96G,Umelé kvety,stopkove-kvety,mecik,Mečík,"{zlta,fialova,cervena,oranzova,ruzova,biela}",17,"1,00 €",true,,true,false,2026-08-18 09:11:51.69904+00,2026-08-18 15:56:42.980974+00
0ca2a0e7-ea3b-44bf-8a84-272a81843bab,miesana-kytica-gulovite-kvety-a-eukalyptus,Miešaná kytica - guľovité kvety a eukalyptus,PD-UDL5VK99,Umelé kvety,kytice,,,"{zelena,ruzova}",7,"1,00 €",true,,true,false,2026-07-31 19:37:10.290979+00,2026-08-13 14:08:48.521922+00
5af7d22f-ed1b-4184-be31-5a18747b13fe,miesana-kytica-s-eukalyptom,Miešaná kytica s eukalyptom,PD-2AWBRV9R,Umelé kvety,kytice,miesana-kytica,Miešaná kytica,"{kremova,custom:800020:Bordov%C3%A1,oranzova,custom:8a6a4a-6b7f5a:Hnedo-zelen%C3%A1}",12,"1,00 €",true,,true,false,2026-08-17 22:04:33.329816+00,2026-08-17 22:04:54.242077+00
70ac69c8-b3a1-402a-bbc8-ba23ddf1ac83,mini-ruze-zvazok,Mini ruže - zväzok,PD-UA3KCF6W,Umelé kvety,stopkove-kvety,ruze,Ruže,"{modra,ruzova,zlta,custom:d4894a-d4a0a8:Oran%C5%BEovoru%C5%BEov%C3%A1,custom:ffb6c1:Svetloru%C5%BEov%C3%A1}",11,"1,00 €",true,,true,false,2026-07-31 21:32:33.517808+00,2026-08-19 12:08:09.491482+00
c257bedd-021d-4908-9c87-31081e54e578,molucenka-na-stonke,Molučenka na stonke,PD-YUN2MTML,Umelé kvety,stopkove-kvety,molucenka,Molučenka,{zelena},3,"1,00 €",true,,true,false,2026-08-17 22:20:31.122111+00,2026-08-17 22:20:31.122111+00
231f3973-13fc-4f35-a4c9-218aa9cfe3a3,monstera-husty-zvazok-listov,Monstera - hustý zväzok listov,PD-59YZ62E7,Umelé kvety,listy,monstera,Monstera,{zelena},3,"1,00 €",true,,true,false,2026-07-31 20:39:43.627465+00,2026-08-13 14:08:48.521922+00
fd39f50c-4823-4bae-987e-aa0fa54e0f44,monstera-jednotlivy-list,Monstera - jednotlivý list,PD-HY4BLFSV,Umelé kvety,listy,monstera,Monstera,{zelena},3,"1,00 €",true,,true,false,2026-07-31 20:35:56.913174+00,2026-08-13 14:08:48.521922+00
f377c023-3ae2-416c-9683-4b4630541b4c,monstera-mini-listy-zvazok,Monstera - mini listy (zväzok),PD-JMN984J3,Umelé kvety,listy,monstera,Monstera,"{zelena,ruzova}",7,"1,00 €",true,,true,false,2026-07-31 20:33:23.09264+00,2026-08-13 14:08:48.521922+00
08ace3d0-5c79-4038-a5e0-9b527a33ed66,narcis-bielo-zlty,Narcis bielo-žltý,PD-2USWX392,Umelé kvety,stopkove-kvety,narcis,Narcis,{custom:ffffff-e0c35a:Bielo-%C5%BElt%C3%A1},3,"1,00 €",true,,true,false,2026-07-31 21:36:14.484782+00,2026-08-13 14:08:48.521922+00
a6c6db4d-d6d4-4c11-9ae5-8677ead05e04,narcis-zlty-s-trubkou,Narcis žltý s trúbkou,PD-2B7HD7Y7,Umelé kvety,stopkove-kvety,narcis,Narcis,{zlta},3,"1,00 €",false,,true,false,2026-07-31 21:37:24.088033+00,2026-08-13 14:08:48.521922+00
b0eb0ba6-b1b6-4d86-82f9-282125e5afef,narcis-zlty-viackvety,Narcis žltý viackvetý,PD-QDGHSXJC,Umelé kvety,stopkove-kvety,narcis,Narcis,{zlta},3,"1,00 €",true,,true,false,2026-07-31 21:37:48.720988+00,2026-08-13 14:08:48.521922+00
45aac12d-6098-49fb-9a5a-22b9720261d3,nevestin-zavoj-na-stopke,Nevestin závoj na stopke,PD-97AMK8BL,Umelé kvety,vencovky,nevestin-zavoj,Nevestin závoj,{biela},3,"1,00 €",true,,true,false,2026-08-17 22:22:29.617573+00,2026-08-17 22:22:51.797287+00
2040562c-4992-451f-a122-cea15d08e7f7,orchidea-mini-spray,Orchidea (mini spray),PD-HMKSMX73,Umelé kvety,stopkove-kvety,orchidea,Orchidea,"{fialova,kremova,zelena,biela,ruzova}",19,"1,00 €",true,,true,false,2026-07-31 19:08:42.756559+00,2026-08-13 14:08:48.521922+00
20da8252-5f59-4c8e-b624-c518485e7e5d,orchidea-cymbidium,Orchidea Cymbidium,PD-R5W5EN8D,Umelé kvety,stopkove-kvety,orchidea,Orchidea,"{ruzova,biela,zelena}",10,"1,00 €",true,,true,false,2026-07-31 19:32:30.562574+00,2026-08-13 14:08:48.521922+00
156ef719-aa69-4097-b7c0-cdbadae2a72a,orchidea-oncidium-zvazok,Orchidea Oncidium - zväzok,PD-CKTCNMDP,Umelé kvety,kytice,orchidea,Orchidea,"{biela,zelena,ruzova,custom:800020:Bordov%C3%A1,fialova,custom:c08081:Staroru%C5%BEov%C3%A1,zlta}",21,"1,00 €",true,,true,false,2026-08-17 19:35:21.47474+00,2026-08-19 19:59:08.028044+00
3bd7a2f1-eafa-41e2-ab4b-215d973b3679,orgovan-na-stonke,Orgován na stonke,PD-AZ2ZJ5F6,Umelé kvety,stopkove-kvety,orgovan,Orgován,"{custom:301934:Tmavofialov%C3%A1,fialova,custom:c08081:Staroru%C5%BEov%C3%A1}",9,"1,00 €",true,,true,false,2026-08-17 20:32:38.116942+00,2026-08-17 20:32:38.116942+00
556d2cae-53e3-443b-afd3-536297b0ba50,palmovy-list,Palmový list,PD-SFKR4PAW,Umelé kvety,listy,palma,Palma,"{zelena,modra,oranzova,custom:800020:Bordov%C3%A1}",9,"1,00 €",true,,true,false,2026-08-17 21:32:51.652946+00,2026-08-17 21:32:51.652946+00
2fb135d4-f3ce-4a52-be91-591cb3bc4dc8,paprad,Papraď,PD-5URUJRM4,Umelé kvety,listy,paprad,Papraď,{zelena},3,"1,00 €",true,,true,false,2026-07-31 20:41:40.633879+00,2026-08-13 14:08:48.521922+00
a00d6e54-b4ba-43d0-ae6a-607079d649e8,paprad-jemna-perovita,Papraď - jemná perovitá,PD-3Q2FGDVF,Umelé kvety,listy,paprad,Papraď,{zelena},3,"1,00 €",true,,true,false,2026-07-31 20:34:42.594971+00,2026-08-13 14:08:48.521922+00
5a2ed7bc-ed1e-4a35-aaae-c887c5acee0a,paprad-perovite-listy,Papraď - perovité listy,PD-NPEL43EV,Umelé kvety,listy,paprad,Papraď,{zelena},3,"1,00 €",true,,true,false,2026-07-31 20:32:20.234581+00,2026-08-13 14:08:48.521922+00
6acd14c2-509b-4938-b8f5-2a6f19af930a,paprad-husta,Papraď hustá,PD-HU8CHZNS,Umelé kvety,listy,paprad,Papraď,{zelena},3,"1,00 €",true,,true,false,2026-07-31 20:42:01.598171+00,2026-08-13 14:08:48.521922+00
b7000b63-f5a8-4283-ac53-e3b6f4f21163,perovity-filler-fialovy,Perovitý filler fialový,PD-EPU4MZJJ,Umelé kvety,listy,zelen,Zeleň / výplň,{fialova},3,"1,00 €",true,,true,false,2026-07-31 19:27:06.666557+00,2026-08-13 14:08:48.521922+00
f6a47566-bcd7-4911-9139-5e2f22d194ec,petunia,Petúnia,PD-DQ7G6LEY,Umelé kvety,stopkove-kvety,petunia,Petúnia,"{zlta,fialova}",6,"1,00 €",true,,true,false,2026-08-17 20:36:53.312723+00,2026-08-17 20:36:53.312723+00
24c3b19b-6a02-4152-b04f-dd8b493f18c7,pivonka-dlha-kytica,Pivonka dlhá kytica,PD-GGQDU7WK,Umelé kvety,kytice,pivonie,Pivónie,"{zelena,ruzova}",6,"1,00 €",true,,true,false,2026-07-31 21:05:00.933902+00,2026-08-13 14:08:48.521922+00
0733f48f-2652-4c4e-9cfc-65ec1e6ea570,pivonka-kremova-zvazok,Pivonka krémová - zväzok,PD-9FJNTA4F,Umelé kvety,stopkove-kvety,pivonie,Pivónie,{kremova},3,"1,00 €",true,,true,false,2026-07-31 19:34:53.736204+00,2026-08-13 14:08:48.521922+00
e8f2b435-70fe-4bc1-a05f-dd1d0240302d,pivonka-kytica-exclusive-45-cm-biela,Pivonka kytica Exclusive 45 cm - biela,PD-NQ4Z52ZH,Umelé kvety,kytice,pivonie,Pivónie,{biela},3,"1,00 €",true,,true,false,2026-07-31 21:04:14.640146+00,2026-08-19 11:55:22.181716+00
30f26c9e-cb08-475e-badd-35ae45ac6317,pivonka-kytica-exclusive-45-cm-kremova,Pivonka kytica Exclusive 45 cm - krémová,PD-9H2VV42J,Umelé kvety,kytice,pivonie,Pivónie,{kremova},3,"1,00 €",true,,false,false,2026-07-31 21:05:40.932854+00,2026-08-19 12:18:58.371375+00
f85cb188-b418-42b5-a616-fceccfe5fc24,pivonka-na-stopke,Pivonka na stopke,PD-U9QXUULC,Umelé kvety,stopkove-kvety,pivonie,Pivónie,"{kremova,custom:c08081:Staroru%C5%BEov%C3%A1,ruzova,custom:ffb6c1:Bledoru%C5%BEov%C3%A1,oranzova}",15,"1,00 €",true,,true,false,2026-08-17 20:35:43.022185+00,2026-08-18 17:07:14.032147+00
2f9c9b8e-c64f-4666-a324-e640a8374db4,pivonka-s-pucikmi,Pivonka s púčikmi,PD-XY5P2R7F,Umelé kvety,stopkove-kvety,pivonie,Pivónie,"{kremova,ruzova,zelena,custom:c08081:Staroru%C5%BEov%C3%A1,fialova,oranzova}",18,"1,00 €",true,,true,false,2026-08-18 09:06:51.001926+00,2026-08-19 19:59:08.341973+00
e24a4c4b-d9c5-415d-9d4b-5769be737bb0,pivonka-spray-biely,Pivonka spray biely,PD-DEV49V3H,Umelé kvety,stopkove-kvety,pivonie,Pivónie,{biela},3,"1,00 €",true,,true,false,2026-07-31 21:03:42.085147+00,2026-08-13 14:08:48.521922+00
1300d481-2976-42ae-aebc-b7405ec4f01b,pivonka-zvazok-47-cm,Pivonka zväzok 47 cm,PD-P3DFUXKY,Umelé kvety,stopkove-kvety,pivonie,Pivónie,{ruzova},3,"1,00 €",true,,true,false,2026-07-31 21:06:21.523895+00,2026-08-13 14:08:48.521922+00
cc2c3682-ba4b-46a2-a6c0-09196300ce15,protea,Protea,PD-83F2MVBW,Umelé kvety,stopkove-kvety,protea,Protea,{ruzova},3,"1,00 €",true,,true,false,2026-08-17 20:43:44.275362+00,2026-08-17 20:43:44.275362+00
abd0ba03-272e-4c8c-886f-298d49d379e4,protea-ihlickata,Protea ihličkatá,PD-TCQY86TU,Umelé kvety,stopkove-kvety,protea,Protea,{custom:e8d9c4-e0c35a:Kr%C3%A9movo-%C5%BElt%C3%A1},3,"1,00 €",true,,true,false,2026-08-17 21:53:50.01113+00,2026-08-17 21:53:50.01113+00
2b9c0c3d-4d69-4b27-9a1d-0d4b2ba2330f,protea-kralovska,Protea kráľovská,PD-NE4ZKDG2,Umelé kvety,stopkove-kvety,protea,Protea,"{ruzova,fialova,cervena,zelena}",9,"1,00 €",true,,true,false,2026-08-17 21:30:26.630482+00,2026-08-17 21:30:26.630482+00
1372447b-08d3-4868-8599-3f64fcaec3fb,protea-na-stopke,Protea na stopke,PD-76S79X7S,Umelé kvety,stopkove-kvety,protea,Protea,"{hneda,ruzova,custom:800020:Bordov%C3%A1}",9,"1,00 €",true,,true,false,2026-08-17 20:46:27.059593+00,2026-08-17 20:46:27.059593+00
3f6514ec-1601-404c-87f5-345c2d3f7192,rebricek-fialovy,Rebríček fialový,PD-5EXRVT6P,Umelé kvety,stopkove-kvety,rebricek,Rebríček,"{fialova,ruzova}",5,"1,00 €",true,,true,false,2026-07-31 19:43:26.657064+00,2026-08-13 14:08:48.521922+00
5e9904f5-b933-4fd2-96fa-89806108dbef,ruskus-50-cm,Ruskus 50 cm,PD-UWGNXBGC,Umelé kvety,listy,ruskus,Ruskus,{zelena},3,"1,00 €",true,,true,false,2026-07-31 20:15:45.291105+00,2026-08-13 14:08:48.521922+00
372f8f4d-56cf-4ed8-a27e-19c6b627b78c,ruskus-uzkolisty,Ruskus úzkolistý,PD-B2VTQCYZ,Umelé kvety,listy,ruskus,Ruskus,{zelena},3,"1,00 €",true,,true,false,2026-07-31 20:16:13.582068+00,2026-08-13 14:08:48.521922+00
09fade02-8f2c-40f2-8474-320abed80a84,ruza-vetva-s-pucikmi,Ruža - vetva s púčikmi,PD-4NMW7Z7W,Umelé kvety,stopkove-kvety,ruze,Ruže,{biela},3,"1,00 €",true,,true,false,2026-07-31 21:43:07.266532+00,2026-08-13 14:08:48.521922+00
7230a8b3-6f9e-45a4-9170-48e10690792c,ruza-beauty-38-cm,Ruža Beauty 38 cm,PD-9ATLJP9Q,Umelé kvety,stopkove-kvety,ruze,Ruže,"{cervena,ruzova,biela}",9,"1,00 €",true,,true,false,2026-07-31 21:33:30.352984+00,2026-08-13 14:08:48.521922+00
a6194531-a460-4e10-802b-08adb976027f,ruza-cervena-zvazok,Ruža červená - zväzok,PD-MWDXSGMY,Umelé kvety,stopkove-kvety,ruze,Ruže,{cervena},3,"1,00 €",true,,true,false,2026-07-31 19:14:30.977099+00,2026-08-13 14:08:48.521922+00
62a9bee3-4844-476d-92e4-591995e8e493,ruza-kremova-spray,Ruža krémová - spray,PD-L7CBK6X6,Umelé kvety,stopkove-kvety,ruze,Ruže,{kremova},3,"1,00 €",true,,true,false,2026-07-31 19:38:38.848646+00,2026-08-13 14:08:48.521922+00
96f71c68-dd24-45f2-94b6-9fa592e91e95,ruza-zahradna-dlhy-stonok,Ruža záhradná - dlhý stonok,PD-44VCYE7D,Umelé kvety,stopkove-kvety,ruze,Ruže,"{kremova,ruzova,cervena}",9,"1,00 €",true,,true,false,2026-07-31 21:29:35.886696+00,2026-08-13 14:08:48.521922+00
f0862f0d-90ae-44a3-b5d4-638693e0352b,ruzicky-mix-kremovo-petrolejova,Ružičky - mix krémovo-petrolejová,PD-RNJNUNGD,Umelé kvety,stopkove-kvety,ruze,Ruže,{custom:e5e3bd-005f6a:Kr%C3%A9movo-petrolejov%C3%A1},3,"1,00 €",true,,true,false,2026-07-31 21:40:14.622902+00,2026-08-13 14:08:48.521922+00
629bfa57-bff3-4c6a-a4bc-b01c865f2a27,skimmia-gulovite-puciky,Skimmia - guľovité púčiky,PD-XTNZPHYP,Umelé kvety,stopkove-kvety,skimmia,Skimmia,"{custom:6b7f5a-ffffff:Zeleno-biela,custom:ffffff-d4a0a8:Bielo-ru%C5%BEov%C3%A1,custom:800020:Bordov%C3%A1}",9,"1,00 €",true,,true,false,2026-07-31 20:53:38.395272+00,2026-08-19 19:59:08.744416+00
a1eea458-2988-4ea7-bca6-41318b9ccdbb,stopka-fialy,Stopka fialy,PD-X58777SR,Umelé kvety,stopkove-kvety,fiala,Fiala,"{fialova,zlta,ruzova,modra}",12,"1,00 €",true,,true,false,2026-08-17 20:06:29.246922+00,2026-08-18 15:56:42.980974+00
e72cd086-57ab-4d4c-b01e-db686a6a788a,tuja,Tuja,PD-NT9VZCR8,Umelé kvety,listy,tuja,Tuja,{zelena},3,"1,00 €",true,,true,false,2026-07-31 21:01:48.170422+00,2026-08-13 14:08:48.521922+00
a4a556e0-3ac6-4a5a-8010-a99639dc8057,tulipan-na-stonke,Tulipán na stonke,PD-XKCG8GDZ,Umelé kvety,stopkove-kvety,tulipan,Tulipán,"{custom:e0c35a-d4894a:%C5%BDlto-oran%C5%BEov%C3%A1,custom:ffb6c1:Bledoru%C5%BEov%C3%A1,biela,oranzova,kremova,zlta,custom:d4a0a8-f5f2ec:Ru%C5%BEovo-biela,custom:800020:Bordov%C3%A1}",17,"1,00 €",true,,true,false,2026-08-17 20:23:07.74574+00,2026-08-17 20:23:07.74574+00
200ffc23-0151-4a0c-8655-13489d5f064b,vetvicka-jasminu,Vetvička jasmínu,PD-EKSUPEFJ,Umelé kvety,stopkove-kvety,jazmin,Jazmín,"{ruzova,biela,zlta,custom:add8e6:Svetlomodr%C3%A1,custom:00008b:Tmavomodr%C3%A1}",15,"1,00 €",true,,true,false,2026-08-17 21:35:11.167021+00,2026-08-17 21:35:11.167021+00
0b1d0ce2-2bab-4b74-af7d-6ec7b128789a,vinic-listova-vetva,Vinič - listová vetva,PD-4L7MJ6WB,Umelé kvety,listy,vinic,Vinič,"{custom:9caf88:Sivozelen%C3%A1,zelena}",5,"1,00 €",true,,true,false,2026-07-31 20:41:16.557742+00,2026-08-13 14:08:48.521922+00
ebd7311e-8718-4cb8-a30e-194b58d3929b,vintage-kytica-ruzi-a-pivoniek,Vintage kytica ruží a pivoniek,PD-YBEC6R3P,Umelé kvety,kytice,miesana-kytica,Miešaná kytica,{custom:c08081:Staroru%C5%BEov%C3%A1},3,"1,00 €",true,,true,false,2026-08-17 22:17:06.690632+00,2026-08-17 22:17:06.690632+00
38e3b4a1-eee7-45a3-b0e1-1b7de8bf803a,voskovka-fialova,Voskovka fialová,PD-N4B8Q2KQ,Umelé kvety,stopkove-kvety,voskovka,Voskovka,{fialova},3,"1,00 €",true,,true,false,2026-07-31 19:02:20.159389+00,2026-08-18 15:56:42.980974+00
5e150134-1392-4ecd-b4c1-b93f32a63f0e,voskovka-kremova,Voskovka krémová,PD-W3SBVZZP,Umelé kvety,stopkove-kvety,voskovka,Voskovka,{kremova},3,"1,00 €",true,,true,false,2026-07-31 19:38:08.112614+00,2026-08-18 15:57:19.10361+00
a00e1488-4edc-4313-b474-84cf1eff11bd,vres-s-drobnymi-kvietkami,Vres s drobnými kvietkami,PD-RAMAWJDD,Umelé kvety,vencovky,vres,Vres,{custom:8a6a4a-7a5f8a:Hnedo-fialov%C3%A1},3,"1,00 €",true,,true,false,2026-08-17 20:07:27.977064+00,2026-08-17 20:07:27.977064+00
b7b52f33-e660-416e-b4c3-3dd39e149861,zelen-dlhe-pruhovane-listy,Zeleň - dlhé pruhované listy,PD-W9XYHRUD,Umelé kvety,listy,zelen,Zeleň / výplň,"{zelena,custom:90ee90:Svetlozelen%C3%A1}",4,"1,00 €",true,,true,false,2026-07-31 21:46:45.81493+00,2026-08-19 19:59:09.006408+00
05a23632-536f-4d64-a9ce-c1705225b91c,zelen-drobne-ovalne-listy,Zeleň - drobné oválne listy,PD-URCKB7DN,Umelé kvety,listy,zelen,Zeleň / výplň,{zelena},3,"1,00 €",true,,true,false,2026-07-31 20:31:49.248076+00,2026-08-13 14:08:48.521922+00
fc1a18ed-8d64-4427-ab21-ff82e8e15591,zelen-listova-vetva,Zeleň - listová vetva,PD-T8GWZTQ2,Umelé kvety,listy,zelen,Zeleň / výplň,{zelena},3,"1,00 €",true,,true,false,2026-07-31 19:14:10.451866+00,2026-08-13 14:08:48.521922+00
a4567be2-a20e-416f-8594-0fe034d94f37,zelen-travovite-listy-so-spiralami,Zeleň - trávovité listy so špirálami,PD-DEUNZZ9T,Umelé kvety,listy,zelen,Zeleň / výplň,{zelena},3,"1,00 €",true,,true,false,2026-07-31 21:02:17.793386+00,2026-08-13 14:08:48.521922+00
6f09d0dc-a261-43b2-bb13-2bcb0ca18716,zelen-zubkate-listy-ruzove-listy,Zeleň - zúbkaté listy (ružové listy),PD-5WSEPBAH,Umelé kvety,listy,zelen,Zeleň / výplň,"{zelena,zlta}",7,"1,00 €",true,,true,false,2026-07-31 20:21:47.853554+00,2026-08-13 14:08:48.521922+00
a670f25a-3bfc-4cd2-980d-067a2eb83d80,zelen-drobnolista-ruskus-styl,Zeleň drobnolistá (ruskus štýl),PD-NJTTQRXV,Umelé kvety,listy,zelen,Zeleň / výplň,{zelena},3,"1,00 €",true,,true,false,2026-07-31 20:14:46.136577+00,2026-08-13 14:08:48.521922+00
e7b53d82-199a-401b-83a5-171acef68099,zelen-perovita-husta,Zeleň perovitá hustá,PD-K24X9BZH,Umelé kvety,listy,zelen,Zeleň / výplň,{zelena},3,"1,00 €",true,,true,false,2026-07-31 19:01:50.485707+00,2026-08-18 17:06:37.046482+00
8bc98e68-fd32-45fc-8ed9-975391135cee,zelen-perovita-vzdusna,Zeleň perovitá vzdušná,PD-N8JXPFYH,Umelé kvety,listy,zelen,Zeleň / výplň,{zelena},3,"1,00 €",true,,true,false,2026-07-31 20:17:08.138229+00,2026-08-18 17:07:02.849283+00
804a7a5a-d297-4fcb-b47a-0d94c4128f54,zelen-s-drobnymi-pucikmi,Zeleň s drobnými púčikmi,PD-XVWRMB7C,Umelé kvety,vencovky,zelen,Zeleň / výplň,"{ruzova,biela}",6,"1,00 €",true,,true,false,2026-08-17 21:39:07.582257+00,2026-08-17 21:39:07.582257+00
c3fe5a45-04f1-429a-a57a-35fa4d248199,zelen-so-zubkovanymi-listami,Zeleň so zúbkovanými listami,PD-9GTYX3Q9,Umelé kvety,listy,zelen,Zeleň / výplň,{zelena},3,"1,00 €",true,,true,false,2026-07-31 19:12:31.019684+00,2026-08-13 14:08:48.521922+00
13ccbeee-0536-4f65-a468-3f81e2bb00ca,zelena-listova-haluzka,Zelená listová halúzka,PD-A63ZBYYV,Umelé kvety,listy,listy,Listy,{zelena},3,"1,00 €",true,,true,false,2026-08-17 20:47:19.01699+00,2026-08-17 20:47:41.742557+00
78e09c64-1f66-4174-92bd-6391705efd88,zlaty-dazd,Zlatý dážď,PD-AXVCL5M6,Umelé kvety,stopkove-kvety,zlaty-dazd,Zlatý dážď,{zlta},3,"1,00 €",true,,true,false,2026-08-17 22:14:31.651975+00,2026-08-17 22:14:31.651975+00
15b1ab45-1db9-4083-bb61-fe1f146cfff5,zlta-kvitnuca-haluzka,Žltá kvitnúca halúzka,PD-34HYHH9W,Umelé kvety,stopkove-kvety,haluzka,Halúzka,{zlta},3,"1,00 €",true,,true,false,2026-07-31 19:33:31.831523+00,2026-08-13 14:08:48.521922+00
5d9bce2e-77e1-4b20-8e69-20e59e728594,zvazok-klincekov,Zväzok klinčekov,PD-ARRYCE9V,Umelé kvety,kytice,klincek-2,Klinček,"{ruzova,oranzova}",6,"1,00 €",true,,true,false,2026-08-17 20:42:31.577077+00,2026-08-17 20:42:51.174912+00