folder	base	status	distance	local	db	images
001 NA_ESHOPU	001	NA_ESHOPU	0	001\kvety-86.jpg	22437e1d-5c63-4ecb-a461-0dffd2af4c52\103e9e2d-bef1-418f-b898-03e3a5ede294.jpg	3
002 NA_ESHOPU	002	NA_ESHOPU	5	002\kvety-64.jpg	22437e1d-5c63-4ecb-a461-0dffd2af4c52\a55d07da-eda2-496a-9cf5-7347a9a8294b.webp	3
003 NA_ESHOPU	003	NA_ESHOPU	6	003\kvety-60.jpg	22437e1d-5c63-4ecb-a461-0dffd2af4c52\2850d85b-9357-491c-be08-f72a44bf84db.webp	3
004 NA_ESHOPU	004	NA_ESHOPU	4	004\kvety-37.jpg	22437e1d-5c63-4ecb-a461-0dffd2af4c52\6ad6dbd4-9d23-4232-ad77-98789f4185a3.webp	3
005 NA_ESHOPU	005	NA_ESHOPU	1	005\kvety-40.jpg	22437e1d-5c63-4ecb-a461-0dffd2af4c52\313dc7d8-c96b-44ed-9fa4-efe3e727eb88.webp	3
006 NA_ESHOPU	006	NA_ESHOPU	3	006\kvety-49.jpg	22437e1d-5c63-4ecb-a461-0dffd2af4c52\3315078f-c916-4851-9b37-e9389efa480c.webp	3
007 NA_ESHOPU	007	NA_ESHOPU	5	007\kvety-50.jpg	22437e1d-5c63-4ecb-a461-0dffd2af4c52\27f9e771-cfc1-43b3-aa08-a937b7163dab.webp	3
008 NA_ESHOPU	008	NA_ESHOPU	2	008\kvety-51.jpg	22437e1d-5c63-4ecb-a461-0dffd2af4c52\0ac0c0bc-ffe4-4b94-adbf-ab7828706589.webp	3
009 NA_ESHOPU	009	NA_ESHOPU	5	009\kvety-67.jpg	22437e1d-5c63-4ecb-a461-0dffd2af4c52\02552647-57b4-47e0-a573-57ad3faa19e2.webp	3
010 NA_ESHOPU	010	NA_ESHOPU	4	010\kvety-54.jpg	22437e1d-5c63-4ecb-a461-0dffd2af4c52\5a0fcdb6-6ede-4b03-bf57-fc213dcbe2c9.webp	3
011 NA_ESHOPU	011	NA_ESHOPU	3	011\kvety-64.jpg	22437e1d-5c63-4ecb-a461-0dffd2af4c52\b6860923-8dda-4314-bcff-0187db505787.webp	3
012 NA_ESHOPU	012	NA_ESHOPU	3	012\kvety-227.jpg	22437e1d-5c63-4ecb-a461-0dffd2af4c52\1bd272c5-226c-41c5-a7c6-69babe4ae34c.webp	3
013 NA_ESHOPU	013	NA_ESHOPU	6	013\kvety-41.jpg	22437e1d-5c63-4ecb-a461-0dffd2af4c52\2a6f10ee-d1be-4c92-87da-a2093ad4b0e7.webp	3
014 NA_ESHOPU	014	NA_ESHOPU	4	014\KVETY-28.jpg	22437e1d-5c63-4ecb-a461-0dffd2af4c52\1dd40b7a-a528-4b43-8900-b625060e61e4.webp	3
015 NA_ESHOPU	015	NA_ESHOPU	4	015\kvety-7.jpg	22437e1d-5c63-4ecb-a461-0dffd2af4c52\12193404-f44a-414d-bb86-f863966e2cc9.webp	3
016 NA_ESHOPU	016	NA_ESHOPU	5	016\kvety-15.jpg	22437e1d-5c63-4ecb-a461-0dffd2af4c52\6c7cfeb4-e46f-4949-8260-2c44a99084e6.webp	3
017 NA_ESHOPU	017	NA_ESHOPU	8	017\kvety-46.jpg	22437e1d-5c63-4ecb-a461-0dffd2af4c52\7f54da6d-caf3-4e15-9e2d-455f996834a3.webp	3
018 NA_ESHOPU	018	NA_ESHOPU	5	018\KVETY-206.jpg	22437e1d-5c63-4ecb-a461-0dffd2af4c52\2516660e-cf02-4ed9-9936-2a061fafb438.webp	3
019 NA_ESHOPU	019	NA_ESHOPU	2	019\KVETY-179.jpg	22437e1d-5c63-4ecb-a461-0dffd2af4c52\13e74966-542a-44a9-8fbb-e95865ec572b.webp	3
020 NA_ESHOPU	020	NA_ESHOPU	5	020\kvety-4.jpg	22437e1d-5c63-4ecb-a461-0dffd2af4c52\9fa005b4-ff3d-48ac-a516-f1b35a0193b2.webp	3
021 NA_ESHOPU	021	NA_ESHOPU	7	021\KVETY-202.jpg	22437e1d-5c63-4ecb-a461-0dffd2af4c52\0891c8ee-dd76-468a-b43f-a9400f73d8fc.webp	3
022 NA_ESHOPU	022	NA_ESHOPU	5	022\kvety-3.jpg	22437e1d-5c63-4ecb-a461-0dffd2af4c52\d1fe9311-bc22-4755-8835-7ba32a5ad7cd.webp	3
023 NA_ESHOPU	023	NA_ESHOPU	5	023\kvety-5.jpg	22437e1d-5c63-4ecb-a461-0dffd2af4c52\5b7e550a-c0fd-40c7-bb2b-92c525cbdb63.webp	3
024 NA_ESHOPU	024	NA_ESHOPU	8	024\kvety-54.jpg	22437e1d-5c63-4ecb-a461-0dffd2af4c52\2e02c037-5a1a-45a0-82e9-89d44bfcc63f.webp	3
025 NA_ESHOPU	025	NA_ESHOPU	5	025\kvety-126.jpg	22437e1d-5c63-4ecb-a461-0dffd2af4c52\63da2e5a-b353-4f9e-a10f-fd0cfcbead02.webp	3
026 NA_ESHOPU	026	NA_ESHOPU	8	026\kvety-97.jpg	22437e1d-5c63-4ecb-a461-0dffd2af4c52\22c7e37a-9117-4275-be9d-b3c2fbf9d5b0.webp	3
027 NA_ESHOPU	027	NA_ESHOPU	4	027\kvety-118.jpg	22437e1d-5c63-4ecb-a461-0dffd2af4c52\86169b44-5f9d-4456-8fd7-8c378aba5f0e.webp	3
028 NA_ESHOPU	028	NA_ESHOPU	6	028\kvety-108.jpg	22437e1d-5c63-4ecb-a461-0dffd2af4c52\cdd8a161-a308-48c1-bb9e-08b2bd6b393a.webp	3
029 NA_ESHOPU	029	NA_ESHOPU	2	029\kvety-142.jpg	22437e1d-5c63-4ecb-a461-0dffd2af4c52\c8d55dbf-9999-48d0-bb33-8b82f695000a.webp	3
030 NA_ESHOPU	030	NA_ESHOPU	4	030\kvety-193.jpg	22437e1d-5c63-4ecb-a461-0dffd2af4c52\7d5b0524-61d7-4888-a1bc-5cde8e5e4cc2.webp	3
031 NA_ESHOPU	031	NA_ESHOPU	3	031\kvety-197.jpg	22437e1d-5c63-4ecb-a461-0dffd2af4c52\c6f84c76-9c85-4fdd-8164-aa331609d252.webp	3
032 NA_ESHOPU	032	NA_ESHOPU	4	032\kvety-134.jpg	22437e1d-5c63-4ecb-a461-0dffd2af4c52\3e48c4b6-d38c-412f-bc08-e77cee0b700c.webp	3
033 NA_ESHOPU	033	NA_ESHOPU	4	033\kvety-137.jpg	22437e1d-5c63-4ecb-a461-0dffd2af4c52\7a7099a5-aa6f-46d2-a4b9-604b1266059e.webp	3
034 NA_ESHOPU	034	NA_ESHOPU	4	034\kvety-145.jpg	22437e1d-5c63-4ecb-a461-0dffd2af4c52\243c5490-d069-4e74-a210-301620c55149.webp	3
035 NA_ESHOPU	035	NA_ESHOPU	2	035\kvety-174.jpg	22437e1d-5c63-4ecb-a461-0dffd2af4c52\53f2508b-7bfa-4620-878f-02b700439880.webp	3
036 NA_ESHOPU	036	NA_ESHOPU	5	036\kvety-157.jpg	22437e1d-5c63-4ecb-a461-0dffd2af4c52\5bedcd63-48ff-4603-aa6b-a9093b78d813.webp	3
037 NA_ESHOPU	037	NA_ESHOPU	6	037\kvety-147.jpg	22437e1d-5c63-4ecb-a461-0dffd2af4c52\395d8a78-6375-42d8-8a99-e69125a92d6b.webp	3
038 NA_ESHOPU	038	NA_ESHOPU	7	038\kvety-79.jpg	22437e1d-5c63-4ecb-a461-0dffd2af4c52\5a57a215-82df-4222-b4b6-1de487e8d4e1.webp	3
039 NA_ESHOPU	039	NA_ESHOPU	6	039\kvety-239.jpg	22437e1d-5c63-4ecb-a461-0dffd2af4c52\684ce16b-aaf2-479d-b6bd-5e0fcbd6992a.webp	3
040 NA_ESHOPU	040	NA_ESHOPU	2	040\kvety-238.jpg	22437e1d-5c63-4ecb-a461-0dffd2af4c52\bb563e91-31fa-4755-bcd7-6f08084aeef7.webp	3
041 NA_ESHOPU	041	NA_ESHOPU	5	041\kvety-256.jpg	22437e1d-5c63-4ecb-a461-0dffd2af4c52\2f0065cb-f198-44ca-a831-066ad385222e.webp	3
042 NA_ESHOPU	042	NA_ESHOPU	4	042\kvety-234.jpg	22437e1d-5c63-4ecb-a461-0dffd2af4c52\675aefb5-ae0a-4f3a-a411-63dd01114ba1.webp	3
043 NA_ESHOPU	043	NA_ESHOPU	4	043\kvety-191.jpg	22437e1d-5c63-4ecb-a461-0dffd2af4c52\81c7c949-41da-4a7f-b896-99275f8a8de4.webp	3
044 NA_ESHOPU	044	NA_ESHOPU	3	044\kvety-253.jpg	22437e1d-5c63-4ecb-a461-0dffd2af4c52\d84ea999-d4cc-4af4-9db1-8dbe00cdde78.webp	3
045 NA_ESHOPU	045	NA_ESHOPU	3	045\kvety-287.jpg	22437e1d-5c63-4ecb-a461-0dffd2af4c52\1b138d49-e3df-4f70-b983-e5b0d9a55e2c.webp	3
046 NA_ESHOPU	046	NA_ESHOPU	5	046\kvety-88.jpg	22437e1d-5c63-4ecb-a461-0dffd2af4c52\7dc019e9-4d74-438a-b146-7e0db711b953.webp	3
047 NA_ESHOPU	047	NA_ESHOPU	1	047\kvety-214.jpg	22437e1d-5c63-4ecb-a461-0dffd2af4c52\8553b5ed-fb70-4120-bd18-4a0b409eaad5.webp	3
048 NA_ESHOPU	048	NA_ESHOPU	6	048\kvety-250.jpg	22437e1d-5c63-4ecb-a461-0dffd2af4c52\75e5bb98-eb54-4512-b876-05ad77bb761f.webp	3
049 NA_ESHOPU	049	NA_ESHOPU	2	049\kvety-4.jpg	22437e1d-5c63-4ecb-a461-0dffd2af4c52\3e0458a6-905c-4439-b153-46f5e659dd9f.webp	3
050 NA_ESHOPU	050	NA_ESHOPU	9	050\kvety-18.jpg	22437e1d-5c63-4ecb-a461-0dffd2af4c52\3315078f-c916-4851-9b37-e9389efa480c.webp	3
051 NA_ESHOPU	051	NA_ESHOPU	4	051\kvety-24.jpg	22437e1d-5c63-4ecb-a461-0dffd2af4c52\6304c08e-a553-4706-9b1f-8d7c0277421c.webp	3
052 NA_ESHOPU	052	NA_ESHOPU	4	052\kvety-2.jpg	22437e1d-5c63-4ecb-a461-0dffd2af4c52\5504ef22-0a12-4dfc-9967-42675a6aadaf.webp	3
053 NA_ESHOPU	053	NA_ESHOPU	1	053\kvety-10.jpg	22437e1d-5c63-4ecb-a461-0dffd2af4c52\cb52ddc5-b02b-4930-9a45-4876456ef4f6.webp	3
054 NA_ESHOPU	054	NA_ESHOPU	2	054\kvety-230.jpg	22437e1d-5c63-4ecb-a461-0dffd2af4c52\7ce5517e-76e8-43ab-a972-b5ec9059495c.webp	3
055 NA_ESHOPU	055	NA_ESHOPU	1	055\kvety-213.jpg	22437e1d-5c63-4ecb-a461-0dffd2af4c52\4358aa77-44e9-42d9-b10d-83991486a54c.webp	3
056 NA_ESHOPU	056	NA_ESHOPU	3	056\kvety-4.jpg	22437e1d-5c63-4ecb-a461-0dffd2af4c52\bbd2a2f1-175d-4fcf-897b-e2647c8ac99f.webp	3
057 NA_ESHOPU	057	NA_ESHOPU	1	057\kvety-138.jpg	22437e1d-5c63-4ecb-a461-0dffd2af4c52\c412539d-4920-4f95-a3d5-721f57a9ed35.webp	3
058 NA_ESHOPU	058	NA_ESHOPU	3	058\kvety-135.jpg	22437e1d-5c63-4ecb-a461-0dffd2af4c52\a939c592-9113-4d0d-b05b-b0a0f4ebcb7f.webp	3
059 NA_ESHOPU	059	NA_ESHOPU	5	059\kvety-58.jpg	22437e1d-5c63-4ecb-a461-0dffd2af4c52\bcdd3741-0d43-4694-aeb0-f2b55e33ce98.webp	3
060 NA_ESHOPU	060	NA_ESHOPU	6	060\kvety-61.jpg	22437e1d-5c63-4ecb-a461-0dffd2af4c52\a87e8478-dbf1-4a83-aec2-124f5705c784.webp	3
061 NA_ESHOPU	061	NA_ESHOPU	2	061\KVETY-78.jpg	22437e1d-5c63-4ecb-a461-0dffd2af4c52\208eaf4e-9884-470e-b994-ce01922bcf0f.webp	3
062 NA_ESHOPU	062	NA_ESHOPU	6	062\KVETY2 (1).jpg	22437e1d-5c63-4ecb-a461-0dffd2af4c52\4358aa77-44e9-42d9-b10d-83991486a54c.webp	3
063 NA_ESHOPU	063	NA_ESHOPU	9	063\kvety-59.jpg	22437e1d-5c63-4ecb-a461-0dffd2af4c52\ccc57042-ae59-4210-bded-e808e83e0fe8.webp	3
064 NA_ESHOPU	064	NA_ESHOPU	3	064\kvety-225.jpg	22437e1d-5c63-4ecb-a461-0dffd2af4c52\9471412d-7397-4d8c-ada8-71ffd896aa07.webp	3
065 NA_ESHOPU	065	NA_ESHOPU	2	065\kvety-50.jpg	22437e1d-5c63-4ecb-a461-0dffd2af4c52\be94b0d6-7354-44ac-9f0c-37c718dfa2dc.webp	13
066 NA_ESHOPU	066	NA_ESHOPU	1	066\kvety-120.jpg	22437e1d-5c63-4ecb-a461-0dffd2af4c52\1a7bdedd-6147-4a17-9d23-03b8ecf7f456.webp	20
067 NA_ESHOPU	067	NA_ESHOPU	1	067\kvety-23.jpg	22437e1d-5c63-4ecb-a461-0dffd2af4c52\b3657013-3020-443a-bfa7-0ae09646a031.webp	7
068 NA_ESHOPU	068	NA_ESHOPU	1	068\kvety-30.jpg	22437e1d-5c63-4ecb-a461-0dffd2af4c52\afc555a0-2c21-4cb1-95c4-7d33f4e8c40b.webp	18
069 NA_ESHOPU	069	NA_ESHOPU	3	069\kvety-64.jpg	22437e1d-5c63-4ecb-a461-0dffd2af4c52\6a481dd2-a6e0-44d8-8f0f-02663a44b2b2.webp	7
070 NA_ESHOPU	070	NA_ESHOPU	3	070\kvety-51.jpg	22437e1d-5c63-4ecb-a461-0dffd2af4c52\33296b85-29a5-4c8e-85d0-d08dcd5dd3bb.webp	7
071 NA_ESHOPU	071	NA_ESHOPU	3	071\KVETY-126.jpg	22437e1d-5c63-4ecb-a461-0dffd2af4c52\67cd7fab-5d23-4ba4-8e4e-f1dfdad21bde.webp	10
072 NA_ESHOPU	072	NA_ESHOPU	3	072\kvety-8.jpg	22437e1d-5c63-4ecb-a461-0dffd2af4c52\cd29f97e-79bf-4503-ac24-6f09053cb984.webp	7
073 NA_ESHOPU	073	NA_ESHOPU	4	073\KVETY-153.jpg	22437e1d-5c63-4ecb-a461-0dffd2af4c52\975121ad-6180-42ac-9efe-76e390ac7b0e.webp	7
074 NA_ESHOPU	074	NA_ESHOPU	6	074\kvety-98.jpg	22437e1d-5c63-4ecb-a461-0dffd2af4c52\136f79fa-b27c-48f5-b720-f989b7f39060.webp	7
075 NA_ESHOPU	075	NA_ESHOPU	2	075\kvety-59.jpg	22437e1d-5c63-4ecb-a461-0dffd2af4c52\b5f26325-ddf4-4822-917d-f2a766670ea7.webp	16
076 NA_ESHOPU	076	NA_ESHOPU	5	076\kvety-92.jpg	22437e1d-5c63-4ecb-a461-0dffd2af4c52\21675ff2-9c5e-4aff-ace7-f99c341c3509.webp	7
077 NA_ESHOPU	077	NA_ESHOPU	4	077\kvety-21.jpg	22437e1d-5c63-4ecb-a461-0dffd2af4c52\1107d32d-6fdb-4741-9062-8814247dfb13.webp	5
078 NA_ESHOPU	078	NA_ESHOPU	3	078\kvety-35.jpg	22437e1d-5c63-4ecb-a461-0dffd2af4c52\9a184bdf-22c3-4aa3-87ce-0fee474435be.webp	13
079 NA_ESHOPU	079	NA_ESHOPU	7	079\kvety-78.jpg	22437e1d-5c63-4ecb-a461-0dffd2af4c52\97fd76a2-7cf3-4150-aa10-f215a5efdaee.webp	10
080 NA_ESHOPU	080	NA_ESHOPU	4	080\kvety-103.jpg	22437e1d-5c63-4ecb-a461-0dffd2af4c52\54ef1e7e-7d97-4755-a883-5d1f2eb154aa.webp	6
081 NA_ESHOPU	081	NA_ESHOPU	3	081\kvety-73.jpg	22437e1d-5c63-4ecb-a461-0dffd2af4c52\a74dda11-782e-4e54-9293-0b8a77e6a5bb.webp	20
082 NA_ESHOPU	082	NA_ESHOPU	2	082\kvety-9.jpg	22437e1d-5c63-4ecb-a461-0dffd2af4c52\a4bf5ecf-8497-497c-9ce8-64f43e97c0fb.webp	10
083 NA_ESHOPU	083	NA_ESHOPU	4	083\kvety-26.jpg	22437e1d-5c63-4ecb-a461-0dffd2af4c52\18a5dab9-1b47-461f-85d5-4e649833564c.webp	9
084 NA_ESHOPU	084	NA_ESHOPU	5	084\kvety-37.jpg	22437e1d-5c63-4ecb-a461-0dffd2af4c52\209db5cc-ead0-4daf-83da-58ac5e18dcd1.webp	7
085 NA_ESHOPU	085	NA_ESHOPU	5	085\kvety-48.jpg	22437e1d-5c63-4ecb-a461-0dffd2af4c52\bed3fbe1-3325-4e94-9415-a1a61804337c.webp	6
086 NA_ESHOPU	086	NA_ESHOPU	2	086\kvety-28.jpg	22437e1d-5c63-4ecb-a461-0dffd2af4c52\d0d2905e-cb1b-4e61-b752-da1925176f1e.webp	10
087 NA_ESHOPU	087	NA_ESHOPU	5	087\kvety-127.jpg	22437e1d-5c63-4ecb-a461-0dffd2af4c52\cee98866-7d3f-4acd-b03f-add7ef51b34e.webp	4
088 NA_ESHOPU	088	NA_ESHOPU	1	088\kvety-113.jpg	22437e1d-5c63-4ecb-a461-0dffd2af4c52\92b83261-9651-4e46-9611-6f647f254c13.webp	7
089 NA_ESHOPU	089	NA_ESHOPU	4	089\kvety-100.jpg	22437e1d-5c63-4ecb-a461-0dffd2af4c52\1f3abc66-1033-4c15-9f1c-5f660bd2ec39.webp	6
090 NA_ESHOPU	090	NA_ESHOPU	3	090\kvety-163.jpg	22437e1d-5c63-4ecb-a461-0dffd2af4c52\a4ba46ce-9768-4864-aecf-ad8aa07862b7.webp	7
091 NA_ESHOPU	091	NA_ESHOPU	4	091\kvety-153.jpg	22437e1d-5c63-4ecb-a461-0dffd2af4c52\466d7fab-fe12-4851-a3c8-2223e111a2e3.webp	7
092 NA_ESHOPU	092	NA_ESHOPU	1	092\kvety-159.jpg	22437e1d-5c63-4ecb-a461-0dffd2af4c52\149c7c43-bf2c-4d31-9688-6cbbd6ad46a9.webp	7
093 NA_ESHOPU	093	NA_ESHOPU	7	093\kvety-243.jpg	22437e1d-5c63-4ecb-a461-0dffd2af4c52\2bb3b73a-2545-4d33-895a-f85aa2950ead.webp	4
094 NA_ESHOPU	094	NA_ESHOPU	4	094\kvety-199.jpg	22437e1d-5c63-4ecb-a461-0dffd2af4c52\5507f621-b535-4eed-8113-033f17739f9a.webp	10
095 NA_ESHOPU	095	NA_ESHOPU	1	095\kvety-122.jpg	22437e1d-5c63-4ecb-a461-0dffd2af4c52\8d2cb7db-ac21-416a-8410-34e1d673a7a5.webp	5
096 NA_ESHOPU	096	NA_ESHOPU	3	096\kvety-289.jpg	22437e1d-5c63-4ecb-a461-0dffd2af4c52\147295e7-ae6a-4290-b184-57d2205332d1.webp	7
097 NA_ESHOPU	097	NA_ESHOPU	6	097\kvety-305.jpg	22437e1d-5c63-4ecb-a461-0dffd2af4c52\c1ccb8e5-6e91-488d-a68a-1edc6d65f721.webp	10
098 NA_ESHOPU	098	NA_ESHOPU	2	098\kvety-11.jpg	22437e1d-5c63-4ecb-a461-0dffd2af4c52\4d2e52bc-86c3-4a01-b982-cf0d805eeb30.webp	13
099 NA_ESHOPU	099	NA_ESHOPU	3	099\kvety-330.jpg	22437e1d-5c63-4ecb-a461-0dffd2af4c52\d3324926-f5d3-4ff9-8c5a-419ea9ba9d23.webp	9
100 NA_ESHOPU	100	NA_ESHOPU	5	100\kvety-268.jpg	22437e1d-5c63-4ecb-a461-0dffd2af4c52\2bb3b73a-2545-4d33-895a-f85aa2950ead.webp	23
101 NA_ESHOPU	101	NA_ESHOPU	1	101\kvety-181.jpg	22437e1d-5c63-4ecb-a461-0dffd2af4c52\c04851f6-9a90-45f1-9393-87ee551e40d2.webp	10
102 NA_ESHOPU	102	NA_ESHOPU	7	102\kvety-283.jpg	22437e1d-5c63-4ecb-a461-0dffd2af4c52\11dc7edf-b449-4cda-80c1-2be8f0180a49.webp	4
103 NA_ESHOPU	103	NA_ESHOPU	2	103\kvety-33.jpg	22437e1d-5c63-4ecb-a461-0dffd2af4c52\88c541ab-2bef-42a6-80f8-dc28f7994e95.webp	23
104 NA_ESHOPU	104	NA_ESHOPU	2	104\kvety-76.jpg	22437e1d-5c63-4ecb-a461-0dffd2af4c52\7ce5517e-76e8-43ab-a972-b5ec9059495c.webp	26
105 NA_ESHOPU	105	NA_ESHOPU	8	105\kvety-86.jpg	22437e1d-5c63-4ecb-a461-0dffd2af4c52\40ab77a5-7dec-4da5-b492-454e8a288524.webp	16
106 NA_ESHOPU	106	NA_ESHOPU	0	106\kvety-9.jpg	22437e1d-5c63-4ecb-a461-0dffd2af4c52\28cf6ca6-9296-49c5-8315-830fc8259e2c.webp	6
107 NA_ESHOPU	107	NA_ESHOPU	2	107\kvety-21.jpg	22437e1d-5c63-4ecb-a461-0dffd2af4c52\be4d3086-4d37-457e-abb4-e0acfac6ebc5.webp	12
108 NA_ESHOPU	108	NA_ESHOPU	2	108\kvety-44.jpg	22437e1d-5c63-4ecb-a461-0dffd2af4c52\07840c4d-a35b-4db5-b73e-a90279dedd8f.webp	22
109 NA_ESHOPU	109	NA_ESHOPU	3	109\kvety-339.jpg	22437e1d-5c63-4ecb-a461-0dffd2af4c52\6d8a0f4c-20c6-4da9-811d-62060c2bd0e0.webp	9
110 NA_ESHOPU	110	NA_ESHOPU	4	110\kvety-222.jpg	22437e1d-5c63-4ecb-a461-0dffd2af4c52\18fa2eb5-a620-431a-bed0-d3f8b03047bc.webp	7
111 NA_ESHOPU	111	NA_ESHOPU	3	111\kvety-301.jpg	22437e1d-5c63-4ecb-a461-0dffd2af4c52\b17f3ff5-0116-42fd-b78f-2dad8c0fd5bf.webp	9
112 NA_ESHOPU	112	NA_ESHOPU	4	112\kvety-18.jpg	22437e1d-5c63-4ecb-a461-0dffd2af4c52\b41ba0a8-1487-4b1a-ab7e-e819950f9b9c.webp	7
113 NA_ESHOPU	113	NA_ESHOPU	4	113\kvety-108.jpg	22437e1d-5c63-4ecb-a461-0dffd2af4c52\2a905845-35fe-4afb-9ce9-e4ba731885f5.webp	4
114 NA_ESHOPU	114	NA_ESHOPU	5	114\kvety-113.jpg	22437e1d-5c63-4ecb-a461-0dffd2af4c52\0d47b6b7-8b1c-41c9-ada5-6864d104d10b.webp	9
115 NA_ESHOPU	115	NA_ESHOPU	0	115\kvety-100.jpg	22437e1d-5c63-4ecb-a461-0dffd2af4c52\2eb947b0-8323-4d1c-b0a9-ec98dc651dac.webp	7
116 NA_ESHOPU	116	NA_ESHOPU	2	116\kvety-80.jpg	22437e1d-5c63-4ecb-a461-0dffd2af4c52\9447674f-bfa3-4080-a3e0-2bc40a2baa3b.webp	13
117 NA_ESHOPU	117	NA_ESHOPU	3	117\kvety-90.jpg	22437e1d-5c63-4ecb-a461-0dffd2af4c52\7ce5517e-76e8-43ab-a972-b5ec9059495c.webp	14
118 NA_ESHOPU	118	NA_ESHOPU	1	118\kvety-122.jpg	22437e1d-5c63-4ecb-a461-0dffd2af4c52\8f47fa3a-0809-424b-b541-6ea46d84fdda.webp	12
119 NA_ESHOPU	119	NA_ESHOPU	5	119\kvety-7.jpg	22437e1d-5c63-4ecb-a461-0dffd2af4c52\a9718bfd-f7e2-4888-a105-3de8440d6a13.webp	9
120 NA_ESHOPU	120	NA_ESHOPU	0	120\kvety-131.jpg	22437e1d-5c63-4ecb-a461-0dffd2af4c52\2bb3b73a-2545-4d33-895a-f85aa2950ead.webp	9
121 NA_ESHOPU	121	NA_ESHOPU	4	121\kvety-86.jpg	22437e1d-5c63-4ecb-a461-0dffd2af4c52\3b9c3dd0-af89-4c5b-b5bd-fc5102e3cec4.webp	7
122 NA_ESHOPU	122	NA_ESHOPU	4	122\kvety-75.jpg	22437e1d-5c63-4ecb-a461-0dffd2af4c52\71d9f8c4-476c-4a83-b1c6-67b064986ba4.webp	10
123 NA_ESHOPU	123	NA_ESHOPU	3	123\kvety-55.jpg	22437e1d-5c63-4ecb-a461-0dffd2af4c52\1e8d6b6e-ea72-44eb-8869-c352c60cb3e3.webp	10
124 NA_ESHOPU	124	NA_ESHOPU	3	124\KVETY3 (1).jpg	22437e1d-5c63-4ecb-a461-0dffd2af4c52\c85ef650-f186-4f63-81de-ba2ef72bd9b4.webp	10
125 NA_ESHOPU	125	NA_ESHOPU	2	125\kvety-105.jpg	22437e1d-5c63-4ecb-a461-0dffd2af4c52\26be778d-d558-4ec5-8a86-bdd1835d4de1.webp	4
