section	folder	orig	status	confidence	local_images	matched_local_images	product_id	product_name	product_sku	strong_hits	ok_hits	weak_hits	avg_dhash64	reason
normal	001 1 NA_ESHOPU	1	NA_ESHOPU	high	3	3	38e3b4a1-eee7-45a3-b0e1-1b7de8bf803a	Voskovka fialová	PD-N4B8Q2KQ	1	0	0	3	Produkt 38e3b4a1-eee7-45a3-b0e1-1b7de8bf803a: 1 silných + 0 dobrých shod (prům. dHash 3.0).
normal	002 6 NA_ESHOPU	6	NA_ESHOPU	high	13	11	2f296345-3209-48e4-8423-3bf27ffd12f1	Hortenzia - stonok	PD-MHY4YWPN	6	1	4	5.64	Produkt 2f296345-3209-48e4-8423-3bf27ffd12f1: 6 silných + 1 dobrých shod (prům. dHash 5.6).
normal	003 10 NENI_NA_ESHOPU	10	NENI_NA_ESHOPU	low	3	1				0	0	0		Žádná spolehlivá shoda s e-shopem.
normal	004 11 NA_ESHOPU	11	NA_ESHOPU	medium	20	12	2040562c-4992-451f-a122-cea15d08e7f7	Orchidea (mini spray)	PD-HMKSMX73	1	3	0	5.75	Pravděpodobná shoda s produktem 2040562c-4992-451f-a122-cea15d08e7f7 (4 fotek, prům. dHash 5.8).
normal	005 13 NEJISTE	13	NEJISTE	low	3	3	e9873f34-79b9-4410-922d-f7dd72d300f7	Jazmínový spray biely	PD-W46KRFGE	0	0	1	9	Slabá / nejednoznačná shoda s e9873f34-79b9-4410-922d-f7dd72d300f7.
normal	006 18 NA_ESHOPU	18	NA_ESHOPU	high	3	3	aaca085b-bf16-435e-826c-3f8771e379c0	Listový konár (lesklý)	PD-FMC87JPW	2	0	0	5.5	Produkt aaca085b-bf16-435e-826c-3f8771e379c0: 2 silných + 0 dobrých shod (prům. dHash 5.5).
normal	007 19 NA_ESHOPU	19	NA_ESHOPU	high	3	3	c3fe5a45-04f1-429a-a57a-35fa4d248199	Zeleň so zúbkovanými listami	PD-9GTYX3Q9	2	0	0	2	Produkt c3fe5a45-04f1-429a-a57a-35fa4d248199: 2 silných + 0 dobrých shod (prům. dHash 2.0).
normal	008 20 NA_ESHOPU	20	NA_ESHOPU	medium	3	3	96eb70a6-8a4c-455b-9fa7-f1e8aa4b44e7	Ginkgo žlté	PD-YUKLY5QF	1	0	0	5	Pravděpodobná shoda s produktem 96eb70a6-8a4c-455b-9fa7-f1e8aa4b44e7 (1 fotek, prům. dHash 5.0).
normal	009 21 NA_ESHOPU	21	NA_ESHOPU	high	3	3	f69d556e-c466-4998-9356-7150e598d96f	Brečtan pestrobarevný	PD-FVFUYQ6F	2	0	0	6	Produkt f69d556e-c466-4998-9356-7150e598d96f: 2 silných + 0 dobrých shod (prům. dHash 6.0).
normal	010 22 NA_ESHOPU	22	NA_ESHOPU	high	3	3	fc1a18ed-8d64-4427-ab21-ff82e8e15591	Zeleň - listová vetva	PD-T8GWZTQ2	3	0	0	4.67	Produkt fc1a18ed-8d64-4427-ab21-ff82e8e15591: 3 silných + 0 dobrých shod (prům. dHash 4.7).
normal	011 40 NA_ESHOPU	40	NA_ESHOPU	medium	3	3	a6194531-a460-4e10-802b-08adb976027f	Ruža červená - zväzok	PD-MWDXSGMY	1	0	0	5	Pravděpodobná shoda s produktem a6194531-a460-4e10-802b-08adb976027f (1 fotek, prům. dHash 5.0).
normal	012 44 NA_ESHOPU	44	NA_ESHOPU	medium	3	3	0ef3d821-edd9-42ff-a132-94377ebd4720	Kytica pivoniek biela - púčiky	PD-2HULXW68	1	0	0	4	Pravděpodobná shoda s produktem 0ef3d821-edd9-42ff-a132-94377ebd4720 (1 fotek, prům. dHash 4.0).
normal	013 45 NA_ESHOPU	45	NA_ESHOPU	high	6	2	908fced5-94c0-4533-8ee5-cb7083a4a135	Kytica červených ruží s drobnými kvetmi	PD-YJ7ZPJWC	2	0	0	4	Produkt 908fced5-94c0-4533-8ee5-cb7083a4a135: 2 silných + 0 dobrých shod (prům. dHash 4.0).
normal	014 50 NA_ESHOPU	50	NA_ESHOPU	high	7	6	8aafbf42-bd3d-4f4f-997a-61c33135e892	Georgína špicatá - zväzok	PD-SJVV4WK2	3	2	1	5	Produkt 8aafbf42-bd3d-4f4f-997a-61c33135e892: 3 silných + 2 dobrých shod (prům. dHash 5.0).
normal	015 52 NA_ESHOPU	52	NA_ESHOPU	high	18	14	51b06184-2e01-4a80-ae2b-595dee2f323d	Georgína mini - viacfarby	PD-ZYY8G328	4	7	2	6.08	Produkt 51b06184-2e01-4a80-ae2b-595dee2f323d: 4 silných + 7 dobrých shod (prům. dHash 6.1).
normal	016 54 NA_ESHOPU	54	NA_ESHOPU	high	7	7	3c5d095e-76bc-43ce-8266-3673e24555cc	Krásnoočko - cosmos	PD-SMANY4CM	3	2	2	6.29	Produkt 3c5d095e-76bc-43ce-8266-3673e24555cc: 3 silných + 2 dobrých shod (prům. dHash 6.3).
normal	017 77DOKONČIŤ!! NA_ESHOPU	77DOKONČIŤ!!	NA_ESHOPU	high	6	5	7ae15a07-8522-43af-902a-afe8777fc152	Eukalyptus ružový	PD-4Q5ZSRS3	3	0	0	3.33	Produkt 7ae15a07-8522-43af-902a-afe8777fc152: 3 silných + 0 dobrých shod (prům. dHash 3.3).
normal	018 B1__1004CR NEJISTE	B1__1004CR	NEJISTE	low	3	2	35b8aa3d-6338-4daf-ab0a-596339655420	Hortenzia krémová	PD-ZM9T7G26	0	1	1	7	Slabá / nejednoznačná shoda s 35b8aa3d-6338-4daf-ab0a-596339655420.
normal	019 B1__4123 NA_ESHOPU	B1__4123	NA_ESHOPU	high	7	5	b2bc3e1c-9c80-4877-96ae-9c9ac3ec3e72	Drobný filler - hviezdicové kvietky	PD-MXW7YA3V	2	2	1	5.6	Produkt b2bc3e1c-9c80-4877-96ae-9c9ac3ec3e72: 2 silných + 2 dobrých shod (prům. dHash 5.6).
normal	020 B1__MAGNOLIA ZVAZOK NA_ESHOPU	B1__MAGNOLIA ZVAZOK	NA_ESHOPU	medium	3	3	c5472c0d-c99e-4442-994b-d8c0aaf5bca0	Magnólia - zväzok bielo-ružový	PD-972HX445	1	2	0	5.67	Pravděpodobná shoda s produktem c5472c0d-c99e-4442-994b-d8c0aaf5bca0 (3 fotek, prům. dHash 5.7).
normal	021 B2__260PI NA_ESHOPU	B2__260PI	NA_ESHOPU	high	10	5	20da8252-5f59-4c8e-b624-c518485e7e5d	Orchidea Cymbidium	PD-R5W5EN8D	2	2	1	5.4	Produkt 20da8252-5f59-4c8e-b624-c518485e7e5d: 2 silných + 2 dobrých shod (prům. dHash 5.4).
normal	022 B2__2010 NA_ESHOPU	B2__2010	NA_ESHOPU	high	3	2	ccfd17df-ac41-4f09-844c-ff79aad7e462	Fiala žltá	PD-X3ZLNLMN	2	0	0	5	Produkt ccfd17df-ac41-4f09-844c-ff79aad7e462: 2 silných + 0 dobrých shod (prům. dHash 5.0).
normal	023 B2__29459YL NA_ESHOPU	B2__29459YL	NA_ESHOPU	high	3	3	15b1ab45-1db9-4083-bb61-fe1f146cfff5	Žltá kvitnúca halúzka	PD-34HYHH9W	2	0	1	6.33	Produkt 15b1ab45-1db9-4083-bb61-fe1f146cfff5: 2 silných + 0 dobrých shod (prům. dHash 6.3).
normal	024 B2__P107 NA_ESHOPU	B2__P107	NA_ESHOPU	high	7	6	b3094828-f16b-4dfe-a41f-efe1e1f5db14	Halúzka s púčikmi	PD-DZEKAD7G	4	0	2	6.17	Produkt b3094828-f16b-4dfe-a41f-efe1e1f5db14: 4 silných + 0 dobrých shod (prům. dHash 6.2).
normal	025 B3__34505_01 NENI_NA_ESHOPU	B3__34505_01	NENI_NA_ESHOPU	low	3	0				0	0	0		Žádná spolehlivá shoda s e-shopem.
normal	026 B3__BUK013 NA_ESHOPU	B3__BUK013	NA_ESHOPU	high	3	2	c338c6bb-c249-4278-b5bd-444cb4b97933	Kytica bielo-zelená	PD-ZHFBJGDT	2	0	0	6	Produkt c338c6bb-c249-4278-b5bd-444cb4b97933: 2 silných + 0 dobrých shod (prům. dHash 6.0).
normal	027 B3__BUK1013 NA_ESHOPU	B3__BUK1013	NA_ESHOPU	high	7	5	0ca2a0e7-ea3b-44bf-8a84-272a81843bab	Miešaná kytica - guľovité kvety a eukalyptus	PD-UDL5VK99	2	1	2	7.2	Produkt 0ca2a0e7-ea3b-44bf-8a84-272a81843bab: 2 silných + 1 dobrých shod (prům. dHash 7.2).
normal	028 B3__BUK1017 NA_ESHOPU	B3__BUK1017	NA_ESHOPU	high	3	3	4ad1fc92-d396-464f-ad7f-f395a9e9539d	Drobné biele kvietky - zväzok	PD-G6SWWGPL	2	0	1	5.33	Produkt 4ad1fc92-d396-464f-ad7f-f395a9e9539d: 2 silných + 0 dobrých shod (prům. dHash 5.3).
normal	029 B3__CAN2906 NA_ESHOPU	B3__CAN2906	NA_ESHOPU	medium	3	3	5e150134-1392-4ecd-b4c1-b93f32a63f0e	Voskovka krémová	PD-W3SBVZZP	1	2	0	6.33	Pravděpodobná shoda s produktem 5e150134-1392-4ecd-b4c1-b93f32a63f0e (3 fotek, prům. dHash 6.3).
normal	030 B3__QD052 NA_ESHOPU	B3__QD052	NA_ESHOPU	medium	3	2	62a9bee3-4844-476d-92e4-591995e8e493	Ruža krémová - spray	PD-L7CBK6X6	1	1	0	8	Pravděpodobná shoda s produktem 62a9bee3-4844-476d-92e4-591995e8e493 (2 fotek, prům. dHash 8.0).
normal	031 B4__9202 NA_ESHOPU	B4__9202	NA_ESHOPU	high	7	4	faddf312-fc8f-416d-b953-7cc43ce9eb92	Kvitnúca halúzka (hviezdicové kvety)	PD-V3VEU6AV	2	2	0	6.75	Produkt faddf312-fc8f-416d-b953-7cc43ce9eb92: 2 silných + 2 dobrých shod (prům. dHash 6.8).
normal	032 B4__17934 NA_ESHOPU	B4__17934	NA_ESHOPU	high	16	16	7eeced64-5f37-461d-b89e-d71542a263ee	Chryzantéma pomponková	PD-HVEM6XEA	12	3	1	5.06	Produkt 7eeced64-5f37-461d-b89e-d71542a263ee: 12 silných + 3 dobrých shod (prům. dHash 5.1).
normal	033 B4__A5_04573 NA_ESHOPU	B4__A5_04573	NA_ESHOPU	medium	7	5	6bec47c3-8cfb-4078-b118-d06c28053062	Drobnolistá zeleň	PD-TACKBR6V	0	2	3	7.4	Pravděpodobná shoda s produktem 6bec47c3-8cfb-4078-b118-d06c28053062 (5 fotek, prům. dHash 7.4).
normal	034 B4__BFG413 NA_ESHOPU	B4__BFG413	NA_ESHOPU	high	5	5	3f6514ec-1601-404c-87f5-345c2d3f7192	Rebríček fialový	PD-5EXRVT6P	2	1	2	7	Produkt 3f6514ec-1601-404c-87f5-345c2d3f7192: 2 silných + 1 dobrých shod (prům. dHash 7.0).
normal	035 B4__CAN20031_01 NA_ESHOPU	B4__CAN20031_01	NA_ESHOPU	medium	3	1	0231e7a3-c991-4804-90c0-9db0d05a9572	Kytica krémové pompony	PD-J4L3H3T7	0	1	0	5	Pravděpodobná shoda s produktem 0231e7a3-c991-4804-90c0-9db0d05a9572 (1 fotek, prům. dHash 5.0).
normal	036 B4__CAN319941 NENI_NA_ESHOPU	B4__CAN319941	NENI_NA_ESHOPU	low	13	8				0	0	0		Žádná spolehlivá shoda s e-shopem.
normal	037 B4__FMN1009 NEJISTE	B4__FMN1009	NEJISTE	low	10	1	0c39031e-294e-422f-a900-bd5777d350da	Artičoka na stopke	PD-DWH3PXWB	0	1	0	7	Slabá / nejednoznačná shoda s 0c39031e-294e-422f-a900-bd5777d350da.
normal	038 B4__SUN-498-012 NA_ESHOPU	B4__SUN-498-012	NA_ESHOPU	high	6	4	0c733620-ea70-4baa-8cb3-d736a3a7b2dd	Fiala krémová	PD-7BHJ3NCA	2	0	2	6.75	Produkt 0c733620-ea70-4baa-8cb3-d736a3a7b2dd: 2 silných + 0 dobrých shod (prům. dHash 6.8).
normal	039 B4__SUN561 NA_ESHOPU	B4__SUN561	NA_ESHOPU	high	20	14	9ea92591-c3af-488c-b07c-19cebe452311	Hyacint	PD-VBN8YV5R	6	7	1	6.36	Produkt 9ea92591-c3af-488c-b07c-19cebe452311: 6 silných + 7 dobrých shod (prům. dHash 6.4).
normal	040 B4__XH010 NA_ESHOPU	B4__XH010	NA_ESHOPU	high	10	7	6d4c16ed-5870-4dae-bbba-141ad35c909a	Kvitnúca vetva (drobný kvet)	PD-RSG6YM76	6	1	0	4.43	Produkt 6d4c16ed-5870-4dae-bbba-141ad35c909a: 6 silných + 1 dobrých shod (prům. dHash 4.4).
normal	041 C1__GLADIOLA ZVAZOK NA_ESHOPU	C1__GLADIOLA ZVAZOK	NA_ESHOPU	medium	3	2	d7e13235-7e31-4c0f-8dae-41cf724c8362	Gladiola biela - zväzok	PD-D7TJ3235	1	0	1	7	Pravděpodobná shoda s produktem d7e13235-7e31-4c0f-8dae-41cf724c8362 (2 fotek, prům. dHash 7.0).
normal	042 C15__205BL(chyba biela) NA_ESHOPU	C15__205BL(chyba biela)	NA_ESHOPU	high	9	5	cbc287c0-dc06-4a92-badf-b8dba6fd38a0	Drobné lúčne kvety	PD-WSHAM5KN	2	2	1	6	Produkt cbc287c0-dc06-4a92-badf-b8dba6fd38a0: 2 silných + 2 dobrých shod (prům. dHash 6.0).
normal	043 C15__423_479-480 NA_ESHOPU	C15__423_479-480	NA_ESHOPU	medium	7	5	aebc9827-8764-44ad-8687-50123e2659d4	Bobuľové vetvičky	PD-M2VYSP87	0	4	1	6.6	Pravděpodobná shoda s produktem aebc9827-8764-44ad-8687-50123e2659d4 (5 fotek, prům. dHash 6.6).
normal	044 C15__0514WH NEJISTE	C15__0514WH	NEJISTE	low	3	1	83992e6d-78f6-48ea-8473-bfa97f9df525	Iskerník biely	PD-2H78FKP6	0	1	0	8	Slabá / nejednoznačná shoda s 83992e6d-78f6-48ea-8473-bfa97f9df525.
normal	045 C16__3104 NENI_NA_ESHOPU	C16__3104	NENI_NA_ESHOPU	low	6	5				0	0	0		Žádná spolehlivá shoda s e-shopem.
normal	046 C16__50813 NA_ESHOPU	C16__50813	NA_ESHOPU	high	10	8	6fac7eb7-5b17-451d-ba87-2f2dce9f339f	Drobné hviezdicové kvety	PD-YGSN57Q5	5	3	0	5.13	Produkt 6fac7eb7-5b17-451d-ba87-2f2dce9f339f: 5 silných + 3 dobrých shod (prům. dHash 5.1).
normal	047 D1__ NA_ESHOPU	D1__	NA_ESHOPU	medium	3	1	3d583180-de60-4f51-a72d-6491cccb1710	Dubová halúzka	PD-SCLJQZZE	1	0	0	5	Pravděpodobná shoda s produktem 3d583180-de60-4f51-a72d-6491cccb1710 (1 fotek, prům. dHash 5.0).
normal	048 D1__(za regalom) NEJISTE	D1__(za regalom)	NEJISTE	low	3	2	98274afa-d46f-49ad-b6bd-77e51bcafa31	Gypsofilka na stopke	PD-K4T58VB7	0	0	2	8	Slabá / nejednoznačná shoda s 98274afa-d46f-49ad-b6bd-77e51bcafa31.
normal	049 D1__388 NA_ESHOPU	D1__388	NA_ESHOPU	medium	4	2	f67494ec-76e3-45aa-b35a-d501fba4ca0e	Eukalyptus úzkolistý	PD-LFLKN8F8	1	0	0	5	Pravděpodobná shoda s produktem f67494ec-76e3-45aa-b35a-d501fba4ca0e (1 fotek, prům. dHash 5.0).
normal	050 D1__5364 NENI_NA_ESHOPU	D1__5364	NENI_NA_ESHOPU	low	7	6				0	0	0		Žádná spolehlivá shoda s e-shopem.
normal	051 D1__8933 NA_ESHOPU	D1__8933	NA_ESHOPU	medium	3	2	93f966d3-8e3e-4d24-988b-6ec286ef5165	Eukalyptus drobnolistý	PD-XVJAVMXA	1	0	1	7	Pravděpodobná shoda s produktem 93f966d3-8e3e-4d24-988b-6ec286ef5165 (2 fotek, prům. dHash 7.0).
normal	052 D1__BL048 NA_ESHOPU	D1__BL048	NA_ESHOPU	medium	3	2	a670f25a-3bfc-4cd2-980d-067a2eb83d80	Zeleň drobnolistá (ruskus štýl)	PD-NJTTQRXV	1	0	1	7	Pravděpodobná shoda s produktem a670f25a-3bfc-4cd2-980d-067a2eb83d80 (2 fotek, prům. dHash 7.0).
normal	053 D1__BL056 NA_ESHOPU	D1__BL056	NA_ESHOPU	high	3	2	123ce826-f2e3-4833-b427-cd47c1c1e01b	Listová vetva (rozvetvená)	PD-4RF7TNN7	1	1	0	5	Produkt 123ce826-f2e3-4833-b427-cd47c1c1e01b: 1 silných + 1 dobrých shod (prům. dHash 5.0).
normal	054 D1__LIST_RUSKUS 50cm NA_ESHOPU	D1__LIST_RUSKUS 50cm	NA_ESHOPU	high	3	3	5e9904f5-b933-4fd2-96fa-89806108dbef	Ruskus 50 cm	PD-UWGNXBGC	2	0	1	6	Produkt 5e9904f5-b933-4fd2-96fa-89806108dbef: 2 silných + 0 dobrých shod (prům. dHash 6.0).
normal	055 D1__RUSKUS_LIU388 NA_ESHOPU	D1__RUSKUS_LIU388	NA_ESHOPU	high	3	2	372f8f4d-56cf-4ed8-a27e-19c6b627b78c	Ruskus úzkolistý	PD-B2VTQCYZ	1	1	0	4.5	Produkt 372f8f4d-56cf-4ed8-a27e-19c6b627b78c: 1 silných + 1 dobrých shod (prům. dHash 4.5).
normal	056 D1__TIK128 NA_ESHOPU	D1__TIK128	NA_ESHOPU	high	3	2	e1ec65cb-cf87-4151-b4fc-e92150227d7a	Listová vetva (lesklá)	PD-4QNC5E6U	2	0	0	4	Produkt e1ec65cb-cf87-4151-b4fc-e92150227d7a: 2 silných + 0 dobrých shod (prům. dHash 4.0).
normal	057 D1__TIK189 NA_ESHOPU	D1__TIK189	NA_ESHOPU	medium	3	3	8bc98e68-fd32-45fc-8ed9-975391135cee	Zeleň perovitá vzdušná	PD-N8JXPFYH	1	1	1	7	Pravděpodobná shoda s produktem 8bc98e68-fd32-45fc-8ed9-975391135cee (3 fotek, prům. dHash 7.0).
normal	058 D2__007 NA_ESHOPU	D2__007	NA_ESHOPU	high	6	5	0ed7a403-e4eb-4c0f-8dae-41cf724c8361	Eukalyptus okrúhly	PD-B5RDZFV7	2	3	0	5.8	Produkt 0ed7a403-e4eb-4c0f-8dae-41cf724c8361: 2 silných + 3 dobrých shod (prům. dHash 5.8).
normal	059 D2__24285DK NA_ESHOPU	D2__24285DK	NA_ESHOPU	high	7	6	46c06c01-c609-4de8-a1be-82f8fc3532a6	Eukalyptus drobný okrúhly	PD-DY5G4E97	3	2	1	5.83	Produkt 46c06c01-c609-4de8-a1be-82f8fc3532a6: 3 silných + 2 dobrých shod (prům. dHash 5.8).
normal	060 D2__ANA1009 NA_ESHOPU	D2__ANA1009	NA_ESHOPU	high	3	3	44698313-ef8d-4f07-95fb-cdb20289ab8a	List mečovitý (aspidistra)	PD-TPECXQXW	2	0	0	5	Produkt 44698313-ef8d-4f07-95fb-cdb20289ab8a: 2 silných + 0 dobrých shod (prům. dHash 5.0).
normal	061 D2__CAN5161 NA_ESHOPU	D2__CAN5161	NA_ESHOPU	high	7	5	6f09d0dc-a261-43b2-bb13-2bcb0ca18716	Zeleň - zúbkaté listy (ružové listy)	PD-5WSEPBAH	2	1	2	6.4	Produkt 6f09d0dc-a261-43b2-bb13-2bcb0ca18716: 2 silných + 1 dobrých shod (prům. dHash 6.4).
normal	062 D2__EUKALIPTUS 61CM 002 NA_ESHOPU	D2__EUKALIPTUS 61CM 002	NA_ESHOPU	high	3	3	d6f9a17e-d3b7-46c3-8577-c45bfcb88e5e	Eukalyptus - dlhý stonok (61 cm)	PD-TLP2NV2N	1	0	0	3	Produkt d6f9a17e-d3b7-46c3-8577-c45bfcb88e5e: 1 silných + 0 dobrých shod (prům. dHash 3.0).
normal	063 D2__EUKALIPTUS LIU007 NA_ESHOPU	D2__EUKALIPTUS LIU007	NA_ESHOPU	high	3	3	778e156a-cf96-4ea1-82de-1070361e3da5	Eukalyptus - zväzok so zelenými tipmi	PD-4DU28CUA	2	1	0	5.33	Produkt 778e156a-cf96-4ea1-82de-1070361e3da5: 2 silných + 1 dobrých shod (prům. dHash 5.3).
normal	064 D2__KLM1102 NA_ESHOPU	D2__KLM1102	NA_ESHOPU	medium	3	3	05a23632-536f-4d64-a9ce-c1705225b91c	Zeleň - drobné oválne listy	PD-URCKB7DN	1	2	0	6.67	Pravděpodobná shoda s produktem 05a23632-536f-4d64-a9ce-c1705225b91c (3 fotek, prům. dHash 6.7).
normal	065 D3__017 NA_ESHOPU	D3__017	NA_ESHOPU	medium	3	2	5a2ed7bc-ed1e-4a35-aaae-c887c5acee0a	Papraď - perovité listy	PD-NPEL43EV	1	0	1	7.5	Pravděpodobná shoda s produktem 5a2ed7bc-ed1e-4a35-aaae-c887c5acee0a (2 fotek, prům. dHash 7.5).
normal	066 D3__3437 NA_ESHOPU	D3__3437	NA_ESHOPU	high	7	6	f377c023-3ae2-416c-9683-4b4630541b4c	Monstera - mini listy (zväzok)	PD-JMN984J3	4	2	0	4.83	Produkt f377c023-3ae2-416c-9683-4b4630541b4c: 4 silných + 2 dobrých shod (prům. dHash 4.8).
normal	067 D3__25805H NEJISTE	D3__25805H	NEJISTE	low	3	2	4fc4d990-4bbf-452c-9322-a90ae4bd1c21	Eukalyptus drobný okrúhly	PD-X83Q8CN4	0	1	1	7	Slabá / nejednoznačná shoda s 4fc4d990-4bbf-452c-9322-a90ae4bd1c21.
normal	068 D3__25984 NA_ESHOPU	D3__25984	NA_ESHOPU	medium	3	3	f0390150-33fd-4957-9cf7-98e3a0913743	Eukalyptus - vetva s hnedým stonkom	PD-DBDHXBGB	1	1	1	6.33	Pravděpodobná shoda s produktem f0390150-33fd-4957-9cf7-98e3a0913743 (3 fotek, prům. dHash 6.3).
normal	069 D3__CAN272 NA_ESHOPU	D3__CAN272	NA_ESHOPU	medium	3	3	a00d6e54-b4ba-43d0-ae6a-607079d649e8	Papraď - jemná perovitá	PD-3Q2FGDVF	0	3	0	6.67	Pravděpodobná shoda s produktem a00d6e54-b4ba-43d0-ae6a-607079d649e8 (3 fotek, prům. dHash 6.7).
normal	070 D3__JUN095 NEJISTE	D3__JUN095	NEJISTE	low	4	1	7230a8b3-6f9e-45a4-9170-48e10690792c	Ruža Beauty 38 cm	PD-9ATLJP9Q	0	1	0	7	Slabá / nejednoznačná shoda s 7230a8b3-6f9e-45a4-9170-48e10690792c.
normal	071 D3__KLM1199 NA_ESHOPU	D3__KLM1199	NA_ESHOPU	high	10	9	6190cdb6-c514-44e7-9486-ac1fdaacaa4e	Eukalyptus okrúhly	PD-FERE5QDB	8	0	1	6.11	Produkt 6190cdb6-c514-44e7-9486-ac1fdaacaa4e: 8 silných + 0 dobrých shod (prům. dHash 6.1).
normal	072 D3__LI00374 NA_ESHOPU	D3__LI00374	NA_ESHOPU	medium	3	2	231f3973-13fc-4f35-a4c9-218aa9cfe3a3	Monstera - hustý zväzok listov	PD-59YZ62E7	1	0	1	6.5	Pravděpodobná shoda s produktem 231f3973-13fc-4f35-a4c9-218aa9cfe3a3 (2 fotek, prům. dHash 6.5).
normal	073 D3__LS062 NA_ESHOPU	D3__LS062	NA_ESHOPU	high	5	5	0b1d0ce2-2bab-4b74-af7d-6ec7b128789a	Vinič - listová vetva	PD-4L7MJ6WB	5	0	0	4.8	Produkt 0b1d0ce2-2bab-4b74-af7d-6ec7b128789a: 5 silných + 0 dobrých shod (prům. dHash 4.8).
normal	074 D3__TIK030 NA_ESHOPU	D3__TIK030	NA_ESHOPU	high	3	3	2fb135d4-f3ce-4a52-be91-591cb3bc4dc8	Papraď	PD-5URUJRM4	2	0	1	6.33	Produkt 2fb135d4-f3ce-4a52-be91-591cb3bc4dc8: 2 silných + 0 dobrých shod (prům. dHash 6.3).
normal	075 D3__TIK031 NA_ESHOPU	D3__TIK031	NA_ESHOPU	high	3	3	6acd14c2-509b-4938-b8f5-2a6f19af930a	Papraď hustá	PD-HU8CHZNS	3	0	0	4	Produkt 6acd14c2-509b-4938-b8f5-2a6f19af930a: 3 silných + 0 dobrých shod (prům. dHash 4.0).
normal	076 D4__446BL NA_ESHOPU	D4__446BL	NA_ESHOPU	medium	3	2	1619b9f5-5d91-45c2-9a50-cfcfbc68edab	Bobule čierne	PD-GSGXYG68	1	0	1	5.5	Pravděpodobná shoda s produktem 1619b9f5-5d91-45c2-9a50-cfcfbc68edab (2 fotek, prům. dHash 5.5).
normal	077 D4__693 NA_ESHOPU	D4__693	NA_ESHOPU	medium	3	3	f6226aa2-0266-4e06-b5c3-e12ea8656f92	Ihličnatá halúzka (cypruštek)	PD-HY85BH7T	1	1	1	6.33	Pravděpodobná shoda s produktem f6226aa2-0266-4e06-b5c3-e12ea8656f92 (3 fotek, prům. dHash 6.3).
normal	078 D4__5907DKPI NA_ESHOPU	D4__5907DKPI	NA_ESHOPU	high	7	5	4dfa956d-30a6-46e2-850a-4ee3d29e6b7a	Gypsofilka hustá	PD-SZZBEPH8	2	1	1	5.25	Produkt 4dfa956d-30a6-46e2-850a-4ee3d29e6b7a: 2 silných + 1 dobrých shod (prům. dHash 5.3).
normal	079 D4__24346M NEJISTE	D4__24346M	NEJISTE	low	10	2	a3162479-45f8-4182-a811-dfaf0851e65d	Drobné súkvetia (ryžový kvet)	PD-PV5A6BSH	0	1	1	7	Slabá / nejednoznačná shoda s a3162479-45f8-4182-a811-dfaf0851e65d.
normal	080 D4__CAN118 NA_ESHOPU	D4__CAN118	NA_ESHOPU	high	13	13	9f20f9ad-6360-4a39-8a97-85c6894fe53a	Drobnolistá výplňová zeleň	PD-H6URQNEQ	9	4	0	6.08	Produkt 9f20f9ad-6360-4a39-8a97-85c6894fe53a: 9 silných + 4 dobrých shod (prům. dHash 6.1).
normal	081 D4__Gipsówka 31cm NA_ESHOPU	D4__Gipsówka 31cm	NA_ESHOPU	medium	9	6	629bfa57-bff3-4c6a-a4bc-b01c865f2a27	Skimmia - guľovité púčiky	PD-XTNZPHYP	1	4	1	6.33	Pravděpodobná shoda s produktem 629bfa57-bff3-4c6a-a4bc-b01c865f2a27 (6 fotek, prům. dHash 6.3).
normal	082 D4__GYP1001 NENI_NA_ESHOPU	D4__GYP1001	NENI_NA_ESHOPU	low	23	0				0	0	0		Žádná spolehlivá shoda s e-shopem.
normal	083 D4__KS056 NA_ESHOPU	D4__KS056	NA_ESHOPU	high	10	9	5725eab1-1b25-44c9-9ed6-5ebacdca8da1	Amarant - láskavec	PD-L9WX5ZXC	4	5	0	5	Produkt 5725eab1-1b25-44c9-9ed6-5ebacdca8da1: 4 silných + 5 dobrých shod (prům. dHash 5.0).
normal	084 D4__KYTICA PIVONKA NA_ESHOPU	D4__KYTICA PIVONKA	NA_ESHOPU	medium	4	2	a2d1eaa7-c895-4344-906d-6c9e5c06636b	Kytica pivoniek	PD-BT6XFTMN	1	0	1	8	Pravděpodobná shoda s produktem a2d1eaa7-c895-4344-906d-6c9e5c06636b (2 fotek, prům. dHash 8.0).
normal	085 D4__SUN-455 NENI_NA_ESHOPU	D4__SUN-455	NENI_NA_ESHOPU	low	23	17				0	0	0		Žádná spolehlivá shoda s e-shopem.
normal	086 D5__TUJA014 NA_ESHOPU	D5__TUJA014	NA_ESHOPU	high	3	3	e72cd086-57ab-4d4c-b01e-db686a6a788a	Tuja	PD-NT9VZCR8	2	1	0	4.33	Produkt e72cd086-57ab-4d4c-b01e-db686a6a788a: 2 silných + 1 dobrých shod (prům. dHash 4.3).
normal	087 D17__J913 NA_ESHOPU	D17__J913	NA_ESHOPU	medium	3	2	a4567be2-a20e-416f-8594-0fe034d94f37	Zeleň - trávovité listy so špirálami	PD-DEUNZZ9T	0	2	0	6.5	Pravděpodobná shoda s produktem a4567be2-a20e-416f-8594-0fe034d94f37 (2 fotek, prům. dHash 6.5).
normal	088 E1__KYTICA PIVONIA NA_ESHOPU	E1__KYTICA PIVONIA	NA_ESHOPU	medium	26	5	24c3b19b-6a02-4152-b04f-dd8b493f18c7	Pivonka dlhá kytica	PD-GGQDU7WK	0	2	0	5.5	Pravděpodobná shoda s produktem 24c3b19b-6a02-4152-b04f-dd8b493f18c7 (2 fotek, prům. dHash 5.5).
normal	089 E1__LIL04 NENI_NA_ESHOPU	E1__LIL04	NENI_NA_ESHOPU	low	16	0				0	0	0		Žádná spolehlivá shoda s e-shopem.
normal	090 E2__001-53 NA_ESHOPU	E2__001-53	NA_ESHOPU	medium	3	3	11457a86-a178-47ad-8b62-be17c0e7a95e	Kytica pivoniek	PD-8WZHZJGT	0	1	0	6	Pravděpodobná shoda s produktem 11457a86-a178-47ad-8b62-be17c0e7a95e (1 fotek, prům. dHash 6.0).
normal	091 E2__BU03857 NEJISTE	E2__BU03857	NEJISTE	low	3	1	e24a4c4b-d9c5-415d-9d4b-5769be737bb0	Pivonka spray biely	PD-DEV49V3H	0	1	0	10	Slabá / nejednoznačná shoda s e24a4c4b-d9c5-415d-9d4b-5769be737bb0.
normal	092 E2__PIV. KYT. EXCL. 45cm NA_ESHOPU	E2__PIV. KYT. EXCL. 45cm	NA_ESHOPU	high	3	2	e8f2b435-70fe-4bc1-a05f-dd1d0240302d	Pivonka kytica Exclusive 45 cm - biela	PD-NQ4Z52ZH	2	0	0	5	Produkt e8f2b435-70fe-4bc1-a05f-dd1d0240302d: 2 silných + 0 dobrých shod (prům. dHash 5.0).
normal	093 E2__PIVONIA DLHA NA_ESHOPU	E2__PIVONIA DLHA	NA_ESHOPU	high	6	4	24c3b19b-6a02-4152-b04f-dd8b493f18c7	Pivonka dlhá kytica	PD-GGQDU7WK	3	0	1	3.75	Produkt 24c3b19b-6a02-4152-b04f-dd8b493f18c7: 3 silných + 0 dobrých shod (prům. dHash 3.8).
normal	094 E2__PIVONIA EXCL.45cm NA_ESHOPU	E2__PIVONIA EXCL.45cm	NA_ESHOPU	high	3	2	30f26c9e-cb08-475e-badd-35ae45ac6317	Pivonka kytica Exclusive 45 cm - krémová	PD-9H2VV42J	1	1	0	4.5	Produkt 30f26c9e-cb08-475e-badd-35ae45ac6317: 1 silných + 1 dobrých shod (prům. dHash 4.5).
normal	095 E2__PIVONKA 47cm NA_ESHOPU	E2__PIVONKA 47cm	NA_ESHOPU	high	3	3	1300d481-2976-42ae-aebc-b7405ec4f01b	Pivonka zväzok 47 cm	PD-P3DFUXKY	1	2	0	4	Produkt 1300d481-2976-42ae-aebc-b7405ec4f01b: 1 silných + 2 dobrých shod (prům. dHash 4.0).
normal	096 E3__KYT. RUŽA 36h NA_ESHOPU	E3__KYT. RUŽA 36h	NA_ESHOPU	high	12	6	c8d157b4-5ef9-4e70-9f7c-10ea293e1768	Kytica ruží 36 cm	PD-KQ4L9HSH	3	3	0	4.67	Produkt c8d157b4-5ef9-4e70-9f7c-10ea293e1768: 3 silných + 3 dobrých shod (prům. dHash 4.7).
normal	097 E3__PIV. KYT NENI_NA_ESHOPU	E3__PIV. KYT	NENI_NA_ESHOPU	low	22	22				0	0	0		Žádná spolehlivá shoda s e-shopem.
normal	098 E15__KS058 NA_ESHOPU	E15__KS058	NA_ESHOPU	high	9	7	b6a4a140-9d53-4740-9be1-0ba1f681aa86	Kytica drobných kvietkov so zeleňou	PD-ALL9V84K	2	4	1	5.57	Produkt b6a4a140-9d53-4740-9be1-0ba1f681aa86: 2 silných + 4 dobrých shod (prům. dHash 5.6).
normal	099 E15__PIK022 NA_ESHOPU	E15__PIK022	NA_ESHOPU	medium	3	2	7eb37d9c-f4cc-4260-861d-2482c020d741	Klinček Green Trick	PD-JV4FHYV9	0	2	0	5.5	Pravděpodobná shoda s produktem 7eb37d9c-f4cc-4260-861d-2482c020d741 (2 fotek, prům. dHash 5.5).
normal	100 E16__PIK002 NA_ESHOPU	E16__PIK002	NA_ESHOPU	high	7	6	4fc4d990-4bbf-452c-9322-a90ae4bd1c21	Eukalyptus drobný okrúhly	PD-X83Q8CN4	2	2	2	6.33	Produkt 4fc4d990-4bbf-452c-9322-a90ae4bd1c21: 2 silných + 2 dobrých shod (prům. dHash 6.3).
normal	101 E16__PIK006 NA_ESHOPU	E16__PIK006	NA_ESHOPU	medium	9	5	ed332e82-9f75-46aa-adf3-6ef5809ef79b	Eukalyptus drobný okrúhly - farebné varianty	PD-YYHUWX3T	1	3	1	6.2	Pravděpodobná shoda s produktem ed332e82-9f75-46aa-adf3-6ef5809ef79b (5 fotek, prům. dHash 6.2).
normal	102 EUKALIPTUS 47CM (VIAC FARIEB TREBA DOFOTIT) NA_ESHOPU	EUKALIPTUS 47CM (VIAC FARIEB TREBA DOFOTIT)	NA_ESHOPU	high	3	3	e5235cb5-a4da-4039-b80c-b87bd9b7e725	Eukalyptus drobný okrúhly 47 cm	PD-6GPM2GLZ	2	1	0	3.33	Produkt e5235cb5-a4da-4039-b80c-b87bd9b7e725: 2 silných + 1 dobrých shod (prům. dHash 3.3).
normal	103 F1__106 NA_ESHOPU	F1__106	NA_ESHOPU	high	7	3	3a7ffc1c-d5b9-4fa5-9129-84a2d7441d78	Klinček - zväzok	PD-9PN37B4C	1	2	0	5	Produkt 3a7ffc1c-d5b9-4fa5-9129-84a2d7441d78: 1 silných + 2 dobrých shod (prům. dHash 5.0).
normal	104 F1__657C NA_ESHOPU	F1__657C	NA_ESHOPU	high	4	3	93cf5127-fcfb-4692-a6ee-7ac646ce1a04	Kvitnúca halúzka biela	PD-DGETMEPJ	2	1	0	5.67	Produkt 93cf5127-fcfb-4692-a6ee-7ac646ce1a04: 2 silných + 1 dobrých shod (prům. dHash 5.7).
normal	105 F1__663B NA_ESHOPU	F1__663B	NA_ESHOPU	high	3	2	6060c788-87d9-4016-9c06-722bad0161be	Georgína plná - zväzok	PD-D3X5NDZN	1	1	0	5	Produkt 6060c788-87d9-4016-9c06-722bad0161be: 1 silných + 1 dobrých shod (prům. dHash 5.0).
normal	106 F1__806LV NA_ESHOPU	F1__806LV	NA_ESHOPU	high	9	7	b92de140-3cfc-40d4-9e51-a5a4e4c7300c	Hortenzia kytica so zeleňou	PD-ELP2PLU5	3	4	0	5.57	Produkt b92de140-3cfc-40d4-9e51-a5a4e4c7300c: 3 silných + 4 dobrých shod (prům. dHash 5.6).
normal	107 F1__8015 NA_ESHOPU	F1__8015	NA_ESHOPU	high	7	6	15a9bc34-d877-45dd-9758-7a8fcb24f549	Čerešňové kvety - kvitnúca halúzka	PD-Z2SS7VFE	3	0	0	4	Produkt 15a9bc34-d877-45dd-9758-7a8fcb24f549: 3 silných + 0 dobrých shod (prům. dHash 4.0).
normal	108 F1__AK09 NA_ESHOPU	F1__AK09	NA_ESHOPU	high	13	10	f5946d32-81d6-4a49-98de-4a29d894abc3	Iskerník (ranunculus) - zväzok	PD-6CXL3TUG	5	5	0	6	Produkt f5946d32-81d6-4a49-98de-4a29d894abc3: 5 silných + 5 dobrých shod (prům. dHash 6.0).
normal	109 F1__GLO3150 NA_ESHOPU	F1__GLO3150	NA_ESHOPU	medium	14	12	96f71c68-dd24-45f2-94b6-9fa592e91e95	Ruža záhradná - dlhý stonok	PD-44VCYE7D	1	0	0	4	Pravděpodobná shoda s produktem 96f71c68-dd24-45f2-94b6-9fa592e91e95 (1 fotek, prům. dHash 4.0).
normal	110 F1__JH098 NA_ESHOPU	F1__JH098	NA_ESHOPU	high	3	3	a93b67c1-4f95-4aab-b63c-a365c8aff015	Georgína kytica tmavočervená	PD-R6WCKM7X	3	0	0	4	Produkt a93b67c1-4f95-4aab-b63c-a365c8aff015: 3 silných + 0 dobrých shod (prům. dHash 4.0).
normal	111 F1__KS020 NA_ESHOPU	F1__KS020	NA_ESHOPU	high	12	8	96f71c68-dd24-45f2-94b6-9fa592e91e95	Ruža záhradná - dlhý stonok	PD-44VCYE7D	3	1	1	4.4	Produkt 96f71c68-dd24-45f2-94b6-9fa592e91e95: 3 silných + 1 dobrých shod (prům. dHash 4.4).
normal	112 F1__KYT. RUŽ NA_ESHOPU	F1__KYT. RUŽ	NA_ESHOPU	high	3	3	988e6f99-40a1-4202-9a83-69c103a1d807	Kytica ruží svetloružová	PD-H3GY6UTW	2	1	0	4	Produkt 988e6f99-40a1-4202-9a83-69c103a1d807: 2 silných + 1 dobrých shod (prům. dHash 4.0).
normal	113 F1__MIX NA_ESHOPU	F1__MIX	NA_ESHOPU	medium	9	6	70ac69c8-b3a1-402a-bbc8-ba23ddf1ac83	Mini ruže - zväzok	PD-UA3KCF6W	1	5	0	7	Pravděpodobná shoda s produktem 70ac69c8-b3a1-402a-bbc8-ba23ddf1ac83 (6 fotek, prům. dHash 7.0).
normal	114 F1__RUZA BEAUTY 38cm NA_ESHOPU	F1__RUZA BEAUTY 38cm	NA_ESHOPU	high	9	7	7230a8b3-6f9e-45a4-9170-48e10690792c	Ruža Beauty 38 cm	PD-9ATLJP9Q	5	2	0	3.86	Produkt 7230a8b3-6f9e-45a4-9170-48e10690792c: 5 silných + 2 dobrých shod (prům. dHash 3.9).
normal	115 F2__20013W NA_ESHOPU	F2__20013W	NA_ESHOPU	medium	3	3	872a209d-3b7c-4c61-8a3d-44a38339ef58	Drobnokvet biely (zhluky)	PD-G6W5K5GE	1	1	1	7.33	Pravděpodobná shoda s produktem 872a209d-3b7c-4c61-8a3d-44a38339ef58 (3 fotek, prům. dHash 7.3).
normal	116 F2__AL-8480 NENI_NA_ESHOPU	F2__AL-8480	NENI_NA_ESHOPU	low	7	4				0	0	0		Žádná spolehlivá shoda s e-shopem.
normal	117 F2__NARCIS NA_ESHOPU	F2__NARCIS	NA_ESHOPU	medium	10	8	a6c6db4d-d6d4-4c11-9ae5-8677ead05e04	Narcis žltý s trúbkou	PD-2B7HD7Y7	1	2	0	5.33	Pravděpodobná shoda s produktem a6c6db4d-d6d4-4c11-9ae5-8677ead05e04 (3 fotek, prům. dHash 5.3).
normal	118 F2__S21C_05 NA_ESHOPU	F2__S21C_05	NA_ESHOPU	medium	3	3	f0862f0d-90ae-44a3-b5d4-638693e0352b	Ružičky - mix krémovo-petrolejová	PD-RNJNUNGD	1	1	1	7.67	Pravděpodobná shoda s produktem f0862f0d-90ae-44a3-b5d4-638693e0352b (3 fotek, prům. dHash 7.7).
normal	119 F2__WEI1002 NA_ESHOPU	F2__WEI1002	NA_ESHOPU	high	3	1	baec3892-d0af-4799-bead-16cbd7c95a30	Bahniatka so zeleňou	PD-RK2BCNLB	1	0	0	2	Produkt baec3892-d0af-4799-bead-16cbd7c95a30: 1 silných + 0 dobrých shod (prům. dHash 2.0).
normal	120 F2_955 NA_ESHOPU	F2_955	NA_ESHOPU	high	10	6	ecb209fa-4b66-415d-947c-7d26fd18dbb4	Bahniatka - farebné varianty	PD-A4RH34GX	2	2	2	6	Produkt ecb209fa-4b66-415d-947c-7d26fd18dbb4: 2 silných + 2 dobrých shod (prům. dHash 6.0).
normal	121 G1__REN2011 NA_ESHOPU	G1__REN2011	NA_ESHOPU	medium	3	2	09fade02-8f2c-40f2-8474-320abed80a84	Ruža - vetva s púčikmi	PD-4NMW7Z7W	0	2	0	8	Pravděpodobná shoda s produktem 09fade02-8f2c-40f2-8474-320abed80a84 (2 fotek, prům. dHash 8.0).
normal	122 G3__hortensia 61cm NA_ESHOPU	G3__hortensia 61cm	NA_ESHOPU	high	10	7	38a84572-b740-4624-8d8c-ceba69218e6f	Hortenzia - stonok 61 cm	PD-MFYC8XME	4	2	1	6.14	Produkt 38a84572-b740-4624-8d8c-ceba69218e6f: 4 silných + 2 dobrých shod (prům. dHash 6.1).
normal	123 LISTY STARE NA_ESHOPU	LISTY STARE	NA_ESHOPU	high	4	3	b7b52f33-e660-416e-b4c3-3dd39e149861	Zeleň - dlhé pruhované listy	PD-W9XYHRUD	2	0	1	6.33	Produkt b7b52f33-e660-416e-b4c3-3dd39e149861: 2 silných + 0 dobrých shod (prům. dHash 6.3).
prefotit	001 B1__014_01_PREFOTIŤ NENI_NA_ESHOPU	B1__014_01_PREFOTIŤ	NENI_NA_ESHOPU	low	6	3				0	0	0		Žádná spolehlivá shoda s e-shopem.
prefotit	004 B1__128YL_PREFOTIŤ NENI_NA_ESHOPU	B1__128YL_PREFOTIŤ	NENI_NA_ESHOPU	low	7	0				0	0	0		Žádná spolehlivá shoda s e-shopem.
prefotit	006 B1__2602_PREFOTIŤ NENI_NA_ESHOPU	B1__2602_PREFOTIŤ	NENI_NA_ESHOPU	low	10	0				0	0	0		Žádná spolehlivá shoda s e-shopem.
prefotit	008 B1__MAGNOLIA_PREFOTIŤ NENI_NA_ESHOPU	B1__MAGNOLIA_PREFOTIŤ	NENI_NA_ESHOPU	low	3	0				0	0	0		Žádná spolehlivá shoda s e-shopem.
prefotit	012 B2__9222_PREFOTIŤ NENI_NA_ESHOPU	B2__9222_PREFOTIŤ	NENI_NA_ESHOPU	low	8	0				0	0	0		Žádná spolehlivá shoda s e-shopem.
prefotit	013 B2__9406_PREFOTIŤ NENI_NA_ESHOPU	B2__9406_PREFOTIŤ	NENI_NA_ESHOPU	low	13	0				0	0	0		Žádná spolehlivá shoda s e-shopem.
prefotit	015 B2__WEI1022_PREFOTIŤ NENI_NA_ESHOPU	B2__WEI1022_PREFOTIŤ	NENI_NA_ESHOPU	low	13	0				0	0	0		Žádná spolehlivá shoda s e-shopem.
prefotit	016 B3__160HD_PREFOTIŤ NENI_NA_ESHOPU	B3__160HD_PREFOTIŤ	NENI_NA_ESHOPU	low	10	0				0	0	0		Žádná spolehlivá shoda s e-shopem.
prefotit	017 B3__879BL-BR_PREFOTIŤ NENI_NA_ESHOPU	B3__879BL-BR_PREFOTIŤ	NENI_NA_ESHOPU	low	9	0				0	0	0		Žádná spolehlivá shoda s e-shopem.
prefotit	019 B3__906-05_PREFOTIŤ NENI_NA_ESHOPU	B3__906-05_PREFOTIŤ	NENI_NA_ESHOPU	low	7	0				0	0	0		Žádná spolehlivá shoda s e-shopem.
prefotit	020 B3__9681+9157_PREFOTIŤ NENI_NA_ESHOPU	B3__9681+9157_PREFOTIŤ	NENI_NA_ESHOPU	low	6	0				0	0	0		Žádná spolehlivá shoda s e-shopem.
ii	001 1 NA_ESHOPU	1	NA_ESHOPU	high	22	20	156ef719-aa69-4097-b7c0-cdbadae2a72a	Orchidea Oncidium - zväzok	PD-CKTCNMDP	17	3	0	4.2	Produkt 156ef719-aa69-4097-b7c0-cdbadae2a72a: 17 silných + 3 dobrých shod (prům. dHash 4.2).
ii	002 2 NA_ESHOPU	2	NA_ESHOPU	high	16	10	d9539ce6-6165-444d-bbb1-3b82149b40fd	Kytica margarétiek	PD-CQERRT35	2	5	3	5.3	Produkt d9539ce6-6165-444d-bbb1-3b82149b40fd: 2 silných + 5 dobrých shod (prům. dHash 5.3).
ii	003 3 NA_ESHOPU	3	NA_ESHOPU	high	10	9	9cc94bdd-4991-4b43-8fd5-ed27d58bc4a2	Kytica čerešňových kvetov	PD-BWTYVGQW	3	4	1	5.63	Produkt 9cc94bdd-4991-4b43-8fd5-ed27d58bc4a2: 3 silných + 4 dobrých shod (prům. dHash 5.6).
ii	004 4 NA_ESHOPU	4	NA_ESHOPU	high	16	9	c952a14e-c819-4b7f-a4ba-9bfd239c5b44	Kytica gerbery	PD-QMUNKC9H	3	2	2	6.43	Produkt c952a14e-c819-4b7f-a4ba-9bfd239c5b44: 3 silných + 2 dobrých shod (prům. dHash 6.4).
ii	005 5 NA_ESHOPU	5	NA_ESHOPU	high	16	13	634e315c-5c46-4916-b825-81c5c5b0e9b3	Čerešňový kvet - vetvička	PD-4K2KVXK7	7	5	1	6.23	Produkt 634e315c-5c46-4916-b825-81c5c5b0e9b3: 7 silných + 5 dobrých shod (prům. dHash 6.2).
ii	006 6 NA_ESHOPU	6	NA_ESHOPU	high	12	9	9cca30f6-b0a4-4265-9d95-eb3b7ae69173	Halúzka kvitnúcej čerešne	PD-ZRJBU48L	5	3	1	5.67	Produkt 9cca30f6-b0a4-4265-9d95-eb3b7ae69173: 5 silných + 3 dobrých shod (prům. dHash 5.7).
ii	007 7 NA_ESHOPU	7	NA_ESHOPU	medium	3	2	2b61260b-0c93-4589-8831-6eac0c00c6c9	Kytička iskerníka a klinčeka	PD-CLXNJY5Q	0	2	0	8	Pravděpodobná shoda s produktem 2b61260b-0c93-4589-8831-6eac0c00c6c9 (2 fotek, prům. dHash 8.0).
ii	008 8 NA_ESHOPU	8	NA_ESHOPU	medium	3	2	3317ed08-3765-4f35-8490-823ee2d3b981	Kytica drobných astier	PD-ZFLQXELK	1	1	0	6	Pravděpodobná shoda s produktem 3317ed08-3765-4f35-8490-823ee2d3b981 (2 fotek, prům. dHash 6.0).
ii	009 9 NA_ESHOPU	9	NA_ESHOPU	high	3	2	cff1b8f9-0234-4564-a0db-c54972f00c89	Kytica iskerníkov krémová	PD-KFXU8BKF	2	0	0	3.5	Produkt cff1b8f9-0234-4564-a0db-c54972f00c89: 2 silných + 0 dobrých shod (prům. dHash 3.5).
ii	010 10 NA_ESHOPU	10	NA_ESHOPU	high	7	6	0503fb9b-7d85-4251-bba9-9a656f9280f6	Kytica daisy chryzantém	PD-ABN8TRKA	2	2	2	6.83	Produkt 0503fb9b-7d85-4251-bba9-9a656f9280f6: 2 silných + 2 dobrých shod (prům. dHash 6.8).
ii	011 11 NA_ESHOPU	11	NA_ESHOPU	high	10	8	dfd16dbb-01c1-4b09-b10a-7878b8acd89a	Kytica ľalií	PD-XZ9PKYZ8	3	5	0	5.88	Produkt dfd16dbb-01c1-4b09-b10a-7878b8acd89a: 3 silných + 5 dobrých shod (prům. dHash 5.9).
ii	012 12 NA_ESHOPU	12	NA_ESHOPU	high	14	10	11457a86-a178-47ad-8b62-be17c0e7a95e	Kytica pivoniek	PD-8WZHZJGT	4	2	3	5.78	Produkt 11457a86-a178-47ad-8b62-be17c0e7a95e: 4 silných + 2 dobrých shod (prům. dHash 5.8).
ii	013 13 NA_ESHOPU	13	NA_ESHOPU	high	22	17	f522ff89-00da-4a36-81f2-39f6e6d60d33	Drobné poľné kvety	PD-93NZX3AL	8	6	3	6.24	Produkt f522ff89-00da-4a36-81f2-39f6e6d60d33: 8 silných + 6 dobrých shod (prům. dHash 6.2).
ii	014 14 NA_ESHOPU	14	NA_ESHOPU	high	13	9	a1eea458-2988-4ea7-bca6-41318b9ccdbb	Stopka fialy	PD-X58777SR	5	2	2	6	Produkt a1eea458-2988-4ea7-bca6-41318b9ccdbb: 5 silných + 2 dobrých shod (prům. dHash 6.0).
ii	015 15 NA_ESHOPU	15	NA_ESHOPU	high	3	2	a00e1488-4edc-4313-b474-84cf1eff11bd	Vres s drobnými kvietkami	PD-RAMAWJDD	2	0	0	3	Produkt a00e1488-4edc-4313-b474-84cf1eff11bd: 2 silných + 0 dobrých shod (prům. dHash 3.0).
ii	016 16 NA_ESHOPU	16	NA_ESHOPU	medium	3	2	a691a455-3043-49eb-b63a-dd4f89c691ea	Kytica pomponkových chryzantém	PD-T7P5476C	1	1	0	5.5	Pravděpodobná shoda s produktem a691a455-3043-49eb-b63a-dd4f89c691ea (2 fotek, prům. dHash 5.5).
ii	017 17 NA_ESHOPU	17	NA_ESHOPU	high	3	3	009f2b9a-c697-4a45-9d2f-5ed28dba02ab	Kytica magnólií krémová	PD-8Z24KT2L	3	0	0	4.67	Produkt 009f2b9a-c697-4a45-9d2f-5ed28dba02ab: 3 silných + 0 dobrých shod (prům. dHash 4.7).
ii	018 18 NA_ESHOPU	18	NA_ESHOPU	high	7	5	b667a39b-4d49-4148-aec2-5de3a9e48053	Kytica ruží s výplňou	PD-EX4A5DWR	3	2	0	6	Produkt b667a39b-4d49-4148-aec2-5de3a9e48053: 3 silných + 2 dobrých shod (prům. dHash 6.0).
ii	019 19 NA_ESHOPU	19	NA_ESHOPU	medium	10	6	14f3b091-e17e-4f8c-88fa-c5f8d39946dc	Kytica pivoniek	PD-NSGKELTE	1	3	1	7.4	Pravděpodobná shoda s produktem 14f3b091-e17e-4f8c-88fa-c5f8d39946dc (5 fotek, prům. dHash 7.4).
ii	020 20 NA_ESHOPU	20	NA_ESHOPU	high	3	3	272187ad-79ea-4a58-9505-a996f65b7b2d	Kytica hortenzií	PD-3BCESM5Y	3	0	0	3	Produkt 272187ad-79ea-4a58-9505-a996f65b7b2d: 3 silných + 0 dobrých shod (prům. dHash 3.0).
ii	021 21 NA_ESHOPU	21	NA_ESHOPU	high	3	3	14ec05f9-e3a2-4ba9-84ea-9c1e632facee	Kytica krémových ruží	PD-JLBY9GW3	3	0	0	3.33	Produkt 14ec05f9-e3a2-4ba9-84ea-9c1e632facee: 3 silných + 0 dobrých shod (prům. dHash 3.3).
ii	022 22 NA_ESHOPU	22	NA_ESHOPU	high	10	7	f60d2be5-d92f-4444-83a9-626815fbf412	Hortenzia na stopke	PD-2VRMZHEH	2	4	1	5.71	Produkt f60d2be5-d92f-4444-83a9-626815fbf412: 2 silných + 4 dobrých shod (prům. dHash 5.7).
ii	023 23 NA_ESHOPU	23	NA_ESHOPU	high	12	8	0c28821c-810b-4de7-b17f-ba878278d645	Kytica ruží	PD-S3LPHA87	7	1	0	4.63	Produkt 0c28821c-810b-4de7-b17f-ba878278d645: 7 silných + 1 dobrých shod (prům. dHash 4.6).
ii	024 24 NA_ESHOPU	24	NA_ESHOPU	high	17	13	a4a556e0-3ac6-4a5a-8010-a99639dc8057	Tulipán na stonke	PD-XKCG8GDZ	5	6	2	5.92	Produkt a4a556e0-3ac6-4a5a-8010-a99639dc8057: 5 silných + 6 dobrých shod (prům. dHash 5.9).
ii	025 25 NA_ESHOPU	25	NA_ESHOPU	high	11	7	44e522cd-900e-4d53-8791-a8941b880e3d	Kytica tulipánov	PD-M8H9KM8K	3	3	1	6.86	Produkt 44e522cd-900e-4d53-8791-a8941b880e3d: 3 silných + 3 dobrých shod (prům. dHash 6.9).
ii	026 26 NA_ESHOPU	26	NA_ESHOPU	high	16	13	193c2d5e-913a-471e-b074-3c32cc04f157	Hortenzia na dlhej stopke	PD-PNDTQUKV	9	2	2	4.23	Produkt 193c2d5e-913a-471e-b074-3c32cc04f157: 9 silných + 2 dobrých shod (prům. dHash 4.2).
ii	027 27 NA_ESHOPU	27	NA_ESHOPU	high	10	6	650ddd33-bf60-4731-a865-79e5de541057	Hortenzia	PD-P73SPS8U	3	2	0	5.4	Produkt 650ddd33-bf60-4731-a865-79e5de541057: 3 silných + 2 dobrých shod (prům. dHash 5.4).
ii	028 28 NA_ESHOPU	28	NA_ESHOPU	high	10	10	3bd7a2f1-eafa-41e2-ab4b-215d973b3679	Orgován na stonke	PD-AZ2ZJ5F6	6	1	2	5.89	Produkt 3bd7a2f1-eafa-41e2-ab4b-215d973b3679: 6 silných + 1 dobrých shod (prům. dHash 5.9).
ii	029 29 NA_ESHOPU	29	NA_ESHOPU	high	10	4	52e10b61-64b9-45eb-b918-4c73ca7ca2ca	Astra na stopke	PD-SUZRK7N4	3	0	0	5.67	Produkt 52e10b61-64b9-45eb-b918-4c73ca7ca2ca: 3 silných + 0 dobrých shod (prům. dHash 5.7).
ii	030 30 NA_ESHOPU	30	NA_ESHOPU	high	16	13	f85cb188-b418-42b5-a616-fceccfe5fc24	Pivonka na stopke	PD-U9QXUULC	6	5	2	6	Produkt f85cb188-b418-42b5-a616-fceccfe5fc24: 6 silných + 5 dobrých shod (prům. dHash 6.0).
ii	031 31 NA_ESHOPU	31	NA_ESHOPU	high	7	6	f6a47566-bcd7-4911-9139-5e2f22d194ec	Petúnia	PD-DQ7G6LEY	2	1	1	6.25	Produkt f6a47566-bcd7-4911-9139-5e2f22d194ec: 2 silných + 1 dobrých shod (prům. dHash 6.3).
ii	032 32 NA_ESHOPU	32	NA_ESHOPU	high	19	15	b93e607e-a8b0-497f-bb60-4cfbede273ec	Cínia na stonke	PD-AXK2AQXZ	10	4	1	4.73	Produkt b93e607e-a8b0-497f-bb60-4cfbede273ec: 10 silných + 4 dobrých shod (prům. dHash 4.7).
ii	033 33 NA_ESHOPU	33	NA_ESHOPU	medium	7	2	baa037fb-6172-47f3-932b-65c7ec8e1b53	Kytica pivoniek	PD-3K695XDV	1	0	1	6	Pravděpodobná shoda s produktem baa037fb-6172-47f3-932b-65c7ec8e1b53 (2 fotek, prům. dHash 6.0).
ii	034 34 NA_ESHOPU	34	NA_ESHOPU	medium	7	6	5d9bce2e-77e1-4b20-8e69-20e59e728594	Zväzok klinčekov	PD-ARRYCE9V	0	3	3	6.67	Pravděpodobná shoda s produktem 5d9bce2e-77e1-4b20-8e69-20e59e728594 (6 fotek, prům. dHash 6.7).
ii	035 35 NA_ESHOPU	35	NA_ESHOPU	high	3	2	cc2c3682-ba4b-46a2-a6c0-09196300ce15	Protea	PD-83F2MVBW	0	2	0	5	Produkt cc2c3682-ba4b-46a2-a6c0-09196300ce15: 0 silných + 2 dobrých shod (prům. dHash 5.0).
ii	036 36 NEJISTE	36	NEJISTE	low	10	2	0f3319e3-3e49-4478-a690-b62a98fa4ce1	Kurkuma na stonke	PD-6SQN33HQ	0	1	1	6.5	Slabá / nejednoznačná shoda s 0f3319e3-3e49-4478-a690-b62a98fa4ce1.
ii	037 37 NA_ESHOPU	37	NA_ESHOPU	high	10	3	1372447b-08d3-4868-8599-3f64fcaec3fb	Protea na stopke	PD-76S79X7S	3	0	0	4	Produkt 1372447b-08d3-4868-8599-3f64fcaec3fb: 3 silných + 0 dobrých shod (prům. dHash 4.0).
ii	038 38 NA_ESHOPU	38	NA_ESHOPU	high	3	3	13ccbeee-0536-4f65-a468-3f81e2bb00ca	Zelená listová halúzka	PD-A63ZBYYV	2	0	1	5.33	Produkt 13ccbeee-0536-4f65-a468-3f81e2bb00ca: 2 silných + 0 dobrých shod (prům. dHash 5.3).
ii	039 39 NA_ESHOPU	39	NA_ESHOPU	medium	7	2	f2a38815-383f-4eb5-b1b5-0885061dd151	Kytica iskerníkov	PD-AGNWJVHS	1	1	0	5.5	Pravděpodobná shoda s produktem f2a38815-383f-4eb5-b1b5-0885061dd151 (2 fotek, prům. dHash 5.5).
ii	040 40 NA_ESHOPU	40	NA_ESHOPU	medium	11	7	07f62b5b-2f7a-4ddf-b551-25647a0c1c73	Dekoratívna koralová vetvička	PD-6V8N3GLP	1	3	2	6.5	Pravděpodobná shoda s produktem 07f62b5b-2f7a-4ddf-b551-25647a0c1c73 (6 fotek, prům. dHash 6.5).
ii	041 41 NA_ESHOPU	41	NA_ESHOPU	high	9	2	2b9c0c3d-4d69-4b27-9a1d-0d4b2ba2330f	Protea kráľovská	PD-NE4ZKDG2	1	0	0	3	Produkt 2b9c0c3d-4d69-4b27-9a1d-0d4b2ba2330f: 1 silných + 0 dobrých shod (prům. dHash 3.0).
ii	042 42 NA_ESHOPU	42	NA_ESHOPU	medium	3	2	2956fb0e-f6d8-4f13-81a5-fa69bce65a7e	Halúzka s drobnými bielymi kvetmi	PD-8VMKLWMT	1	1	0	6.5	Pravděpodobná shoda s produktem 2956fb0e-f6d8-4f13-81a5-fa69bce65a7e (2 fotek, prům. dHash 6.5).
ii	043 43 NA_ESHOPU	43	NA_ESHOPU	high	9	5	556d2cae-53e3-443b-afd3-536297b0ba50	Palmový list	PD-SFKR4PAW	2	0	2	5.25	Produkt 556d2cae-53e3-443b-afd3-536297b0ba50: 2 silných + 0 dobrých shod (prům. dHash 5.3).
ii	044 44 NA_ESHOPU	44	NA_ESHOPU	medium	20	8	200ffc23-0151-4a0c-8655-13489d5f064b	Vetvička jasmínu	PD-EKSUPEFJ	1	2	4	7.43	Pravděpodobná shoda s produktem 200ffc23-0151-4a0c-8655-13489d5f064b (7 fotek, prům. dHash 7.4).
ii	045 45 NA_ESHOPU	45	NA_ESHOPU	high	7	5	e1e81faf-07bd-4c03-b6d9-62fbceff600e	Kvitnúca vetvička čerešne	PD-SGY647CX	2	3	0	6.8	Produkt e1e81faf-07bd-4c03-b6d9-62fbceff600e: 2 silných + 3 dobrých shod (prům. dHash 6.8).
ii	046 46 NA_ESHOPU	46	NA_ESHOPU	high	7	4	4df40b55-5efe-4262-b69f-3ca34ac6939a	Kvitnúca halúzka s drobnými kvetmi	PD-N5GMD8MT	3	1	0	3.5	Produkt 4df40b55-5efe-4262-b69f-3ca34ac6939a: 3 silných + 1 dobrých shod (prům. dHash 3.5).
ii	047 47 NEJISTE	47	NEJISTE	low	7	2	804a7a5a-d297-4fcb-b47a-0d94c4128f54	Zeleň s drobnými púčikmi	PD-XVWRMB7C	0	1	1	8	Slabá / nejednoznačná shoda s 804a7a5a-d297-4fcb-b47a-0d94c4128f54.
ii	048 48 NA_ESHOPU	48	NA_ESHOPU	medium	13	6	f8e070fb-9d52-4508-97f3-d8995393e272	Kytica rozchodníka	PD-VEA8TS5S	1	3	2	6.83	Pravděpodobná shoda s produktem f8e070fb-9d52-4508-97f3-d8995393e272 (6 fotek, prům. dHash 6.8).
ii	049 49 NA_ESHOPU	49	NA_ESHOPU	medium	7	3	ea37c03b-89d2-40f1-bf0f-619ddd47c57a	Kytica gerber	PD-55AGXWGS	0	2	0	6	Pravděpodobná shoda s produktem ea37c03b-89d2-40f1-bf0f-619ddd47c57a (2 fotek, prům. dHash 6.0).
ii	050 50 NA_ESHOPU	50	NA_ESHOPU	high	7	4	3325d1b8-3632-44ca-8402-7a310d9d95fa	Hortenzia na stopke	PD-883T8ZKL	2	1	1	5.5	Produkt 3325d1b8-3632-44ca-8402-7a310d9d95fa: 2 silných + 1 dobrých shod (prům. dHash 5.5).
ii	051 52 NA_ESHOPU	52	NA_ESHOPU	high	7	5	45c4c15d-9121-4176-934e-6a238e6ee8a1	Kytica pomponových chryzantém	PD-TZDGX9ND	2	1	2	6.2	Produkt 45c4c15d-9121-4176-934e-6a238e6ee8a1: 2 silných + 1 dobrých shod (prům. dHash 6.2).
ii	052 53 NA_ESHOPU	53	NA_ESHOPU	medium	3	3	260cc581-469e-4e80-9e75-e92b1e34b003	Kytica slnečníc	PD-DF22Q93S	1	0	1	6	Pravděpodobná shoda s produktem 260cc581-469e-4e80-9e75-e92b1e34b003 (2 fotek, prům. dHash 6.0).
ii	053 54 NA_ESHOPU	54	NA_ESHOPU	high	3	3	f9be5c34-2032-4f23-a5b0-719a9f847098	Chryzantéma biela - stopka	PD-YA9PU8FG	2	1	0	4.33	Produkt f9be5c34-2032-4f23-a5b0-719a9f847098: 2 silných + 1 dobrých shod (prům. dHash 4.3).
ii	054 55 NA_ESHOPU	55	NA_ESHOPU	high	3	1	7f6c0b25-6a45-43d0-97f1-cc77338cd52e	Kytica cínií	PD-RKCXN3HE	1	0	0	3	Produkt 7f6c0b25-6a45-43d0-97f1-cc77338cd52e: 1 silných + 0 dobrých shod (prům. dHash 3.0).
ii	055 56 NA_ESHOPU	56	NA_ESHOPU	medium	3	3	34d50f53-cf11-4fbf-8a05-90189c92e323	Kytica ihlicovitých chryzantém	PD-LTT8KGDY	1	2	0	5.67	Pravděpodobná shoda s produktem 34d50f53-cf11-4fbf-8a05-90189c92e323 (3 fotek, prům. dHash 5.7).
ii	056 57 NA_ESHOPU	57	NA_ESHOPU	high	7	5	a272f261-9e2b-431f-8510-b5da0e9e20fe	Kytica chryzantém	PD-264E8NE9	3	1	1	5	Produkt a272f261-9e2b-431f-8510-b5da0e9e20fe: 3 silných + 1 dobrých shod (prům. dHash 5.0).
ii	057 58 NA_ESHOPU	58	NA_ESHOPU	medium	7	4	c4ba0f8e-a97f-4aff-becb-bbbeb0f2c750	Chryzantéma na stopke	PD-BA3TZLD2	1	0	3	7.5	Pravděpodobná shoda s produktem c4ba0f8e-a97f-4aff-becb-bbbeb0f2c750 (4 fotek, prům. dHash 7.5).
ii	058 59 NA_ESHOPU	59	NA_ESHOPU	high	13	10	3325d1b8-3632-44ca-8402-7a310d9d95fa	Hortenzia na stopke	PD-883T8ZKL	3	5	1	5.78	Produkt 3325d1b8-3632-44ca-8402-7a310d9d95fa: 3 silných + 5 dobrých shod (prům. dHash 5.8).
ii	059 60 NA_ESHOPU	60	NA_ESHOPU	high	7	5	706de4c2-1e17-4160-9185-f88e47e8cff9	Ihlicovitá protea	PD-QGZFDBAA	2	2	0	4.75	Produkt 706de4c2-1e17-4160-9185-f88e47e8cff9: 2 silných + 2 dobrých shod (prům. dHash 4.8).
ii	060 61 NA_ESHOPU	61	NA_ESHOPU	high	3	2	abd0ba03-272e-4c8c-886f-298d49d379e4	Protea ihličkatá	PD-TCQY86TU	2	0	0	4	Produkt abd0ba03-272e-4c8c-886f-298d49d379e4: 2 silných + 0 dobrých shod (prům. dHash 4.0).
ii	061 62 NA_ESHOPU	62	NA_ESHOPU	medium	3	2	eea89e14-f475-4a33-9c39-81c3ffa8c5b3	Margarétka krémová - vetvička	PD-88NJ2LJK	1	1	0	6	Pravděpodobná shoda s produktem eea89e14-f475-4a33-9c39-81c3ffa8c5b3 (2 fotek, prům. dHash 6.0).
ii	062 63 NA_ESHOPU	63	NA_ESHOPU	high	3	2	3aed9d73-a106-4939-8ef0-dae274d5922d	Kytica georgín s výplňou	PD-33WWXG4C	2	0	0	4	Produkt 3aed9d73-a106-4939-8ef0-dae274d5922d: 2 silných + 0 dobrých shod (prům. dHash 4.0).
ii	063 64 NA_ESHOPU	64	NA_ESHOPU	high	7	5	075fd5ea-80f8-4e21-b9cc-7cb99be61c7d	Jemná zeleň s farebnými končekmi	PD-WRTD9QD2	2	1	1	5.5	Produkt 075fd5ea-80f8-4e21-b9cc-7cb99be61c7d: 2 silných + 1 dobrých shod (prům. dHash 5.5).
ii	064 65 NA_ESHOPU	65	NA_ESHOPU	high	10	6	b4011963-17e3-4375-915a-c71139730db9	Dekoratívna výplňová vetvička	PD-V8J274BL	3	2	1	7	Produkt b4011963-17e3-4375-915a-c71139730db9: 3 silných + 2 dobrých shod (prům. dHash 7.0).
ii	065 66 NA_ESHOPU	66	NA_ESHOPU	medium	7	3	acd228ff-ff0c-4c8b-a02b-d861b990c225	Kytica ruží s drobnými kvetmi	PD-CV7RHA8X	1	1	1	6.33	Pravděpodobná shoda s produktem acd228ff-ff0c-4c8b-a02b-d861b990c225 (3 fotek, prům. dHash 6.3).
ii	066 67 NA_ESHOPU	67	NA_ESHOPU	high	7	5	badb6213-c8de-4a88-8aab-d0a54be51297	Kytica pivoniek s levanduľou	PD-S4HKNGB6	3	0	1	4.5	Produkt badb6213-c8de-4a88-8aab-d0a54be51297: 3 silných + 0 dobrých shod (prům. dHash 4.5).
ii	067 68 NA_ESHOPU	68	NA_ESHOPU	high	10	9	3f2be2d0-b75c-4eec-8c1e-0a4a5013e4b2	Kytica špicatých georgín	PD-H77ZU33M	3	5	1	5.56	Produkt 3f2be2d0-b75c-4eec-8c1e-0a4a5013e4b2: 3 silných + 5 dobrých shod (prům. dHash 5.6).
ii	068 69 NA_ESHOPU	69	NA_ESHOPU	high	13	10	5af7d22f-ed1b-4184-be31-5a18747b13fe	Miešaná kytica s eukalyptom	PD-2AWBRV9R	7	2	1	4.9	Produkt 5af7d22f-ed1b-4184-be31-5a18747b13fe: 7 silných + 2 dobrých shod (prům. dHash 4.9).
ii	069 70 NA_ESHOPU	70	NA_ESHOPU	high	10	6	fb5180ba-a7d3-4876-81f3-44950e562e6a	Kytica riasených chryzantém	PD-YGWYYMFC	2	3	0	4.8	Produkt fb5180ba-a7d3-4876-81f3-44950e562e6a: 2 silných + 3 dobrých shod (prům. dHash 4.8).
ii	070 71 NA_ESHOPU	71	NA_ESHOPU	high	10	6	7bb08287-5b1e-49bb-b170-5797fb7bb86c	Kytica pivoniek a hortenzií	PD-UAKLLPYU	5	0	1	4.67	Produkt 7bb08287-5b1e-49bb-b170-5797fb7bb86c: 5 silných + 0 dobrých shod (prům. dHash 4.7).
ii	071 72 NA_ESHOPU	72	NA_ESHOPU	high	16	12	4b630d97-563b-4f00-a395-85e80676eec6	Alstroméria	PD-SH9X9RQU	3	7	2	6.42	Produkt 4b630d97-563b-4f00-a395-85e80676eec6: 3 silných + 7 dobrých shod (prům. dHash 6.4).
ii	072 73 NA_ESHOPU	73	NA_ESHOPU	high	22	17	46119c4a-a0c5-46a7-a09d-fa41354853a9	Gerbera na stonke	PD-ZS85B4NJ	8	7	2	5.35	Produkt 46119c4a-a0c5-46a7-a09d-fa41354853a9: 8 silných + 7 dobrých shod (prům. dHash 5.4).
ii	073 74 NA_ESHOPU	74	NA_ESHOPU	high	19	18	2f9c9b8e-c64f-4666-a324-e640a8374db4	Pivonka s púčikmi	PD-XY5P2R7F	16	2	0	3.5	Produkt 2f9c9b8e-c64f-4666-a324-e640a8374db4: 16 silných + 2 dobrých shod (prům. dHash 3.5).
ii	074 75 NA_ESHOPU	75	NA_ESHOPU	high	19	16	0c39031e-294e-422f-a900-bd5777d350da	Artičoka na stopke	PD-DWH3PXWB	9	6	0	4.93	Produkt 0c39031e-294e-422f-a900-bd5777d350da: 9 silných + 6 dobrých shod (prům. dHash 4.9).
ii	075 76 NA_ESHOPU	76	NA_ESHOPU	high	3	2	0a38841c-3789-46d5-9a24-0079487c4c55	Kytica ruží a hortenzií	PD-WK79SKRE	2	0	0	5	Produkt 0a38841c-3789-46d5-9a24-0079487c4c55: 2 silných + 0 dobrých shod (prům. dHash 5.0).
ii	076 77 NA_ESHOPU	77	NA_ESHOPU	high	3	2	aa6666aa-17e2-4f8c-88fa-c5f8d39946dd	Kytica guľatých chryzantém	PD-GGJ666RA	1	1	0	4.5	Produkt aa6666aa-17e2-4f8c-88fa-c5f8d39946dd: 1 silných + 1 dobrých shod (prům. dHash 4.5).
ii	077 78 NA_ESHOPU	78	NA_ESHOPU	high	8	4	d7141b5a-611d-4709-a9b4-f6dcd1005c60	Hortenzia na stopke	PD-DQUM4397	3	0	1	6.25	Produkt d7141b5a-611d-4709-a9b4-f6dcd1005c60: 3 silných + 0 dobrých shod (prům. dHash 6.3).
ii	078 79 NA_ESHOPU	79	NA_ESHOPU	medium	3	3	45aac12d-6098-49fb-9a5a-22b9720261d3	Nevestin závoj na stopke	PD-97AMK8BL	0	2	1	7.33	Pravděpodobná shoda s produktem 45aac12d-6098-49fb-9a5a-22b9720261d3 (3 fotek, prům. dHash 7.3).
ii	079 80 NA_ESHOPU	80	NA_ESHOPU	medium	3	3	c38071fa-f185-4790-8e3a-7364e3dbf1bd	Mečík biely	PD-NWDB3C22	1	2	0	5.33	Pravděpodobná shoda s produktem c38071fa-f185-4790-8e3a-7364e3dbf1bd (3 fotek, prům. dHash 5.3).
ii	080 81 NA_ESHOPU	81	NA_ESHOPU	high	17	15	99bf824e-59f6-4a8d-9501-0f5f95601bd7	Mečík na stonke	PD-PTLYU96G	8	5	0	4.69	Produkt 99bf824e-59f6-4a8d-9501-0f5f95601bd7: 8 silných + 5 dobrých shod (prům. dHash 4.7).
ii	081 82 NA_ESHOPU	82	NA_ESHOPU	high	16	8	193874c7-2367-4b7f-a3c6-c6e05ba05129	Exotický hviezdicový kvet	PD-5CZY68MC	5	1	2	4.25	Produkt 193874c7-2367-4b7f-a3c6-c6e05ba05129: 5 silných + 1 dobrých shod (prům. dHash 4.3).
ii	082 83 NA_ESHOPU	83	NA_ESHOPU	high	7	3	7a6d14cd-f980-4a44-83cc-a87b6e60e625	Kala na stopke	PD-W4AQRMPE	2	1	0	4	Produkt 7a6d14cd-f980-4a44-83cc-a87b6e60e625: 2 silných + 1 dobrých shod (prům. dHash 4.0).
ii	083 84 NA_ESHOPU	84	NA_ESHOPU	high	10	8	7b837f18-0cdc-43e1-b880-c916ad77042e	Georgína	PD-L8JU6QL6	2	3	3	6.88	Produkt 7b837f18-0cdc-43e1-b880-c916ad77042e: 2 silných + 3 dobrých shod (prům. dHash 6.9).
ii	084 85 NA_ESHOPU	85	NA_ESHOPU	medium	3	3	c257bedd-021d-4908-9c87-31081e54e578	Molučenka na stonke	PD-YUN2MTML	1	0	1	6	Pravděpodobná shoda s produktem c257bedd-021d-4908-9c87-31081e54e578 (2 fotek, prům. dHash 6.0).
ii	085 86 NA_ESHOPU	86	NA_ESHOPU	medium	7	2	0a77c3cb-5e69-4886-8763-350da24e7aab	Fiala fialová	PD-E5VALBXA	1	1	0	6	Pravděpodobná shoda s produktem 0a77c3cb-5e69-4886-8763-350da24e7aab (2 fotek, prům. dHash 6.0).
ii	086 87 NA_ESHOPU	87	NA_ESHOPU	high	7	5	45cc1994-2d28-429c-a720-63e37ff51c1b	Ľalia na stopke	PD-SUPNPL7J	2	2	0	5.75	Produkt 45cc1994-2d28-429c-a720-63e37ff51c1b: 2 silných + 2 dobrých shod (prům. dHash 5.8).
ii	087 88 NA_ESHOPU	88	NA_ESHOPU	medium	3	1	97ac2307-5cf6-47d7-8f7c-c402e7dcaa8b	Klinček biely	PD-2PQSPSVK	1	0	0	7	Pravděpodobná shoda s produktem 97ac2307-5cf6-47d7-8f7c-c402e7dcaa8b (1 fotek, prům. dHash 7.0).
ii	088 89 NA_ESHOPU	89	NA_ESHOPU	high	10	5	b4275106-8d24-44fc-a2a4-56ec03ce9690	Hortenzia na stonke	PD-46BAR5MD	3	2	0	3.8	Produkt b4275106-8d24-44fc-a2a4-56ec03ce9690: 3 silných + 2 dobrých shod (prům. dHash 3.8).
ii	089 90 NA_ESHOPU	90	NA_ESHOPU	high	10	4	823b6513-b8dc-4d14-bb83-51c290208ea1	Fiala na stopke	PD-QMT2GGBK	2	2	0	4.25	Produkt 823b6513-b8dc-4d14-bb83-51c290208ea1: 2 silných + 2 dobrých shod (prům. dHash 4.3).
ii	090 91 NA_ESHOPU	91	NA_ESHOPU	medium	17	7	2e5363ab-fa05-4265-b461-bb39fb287949	Antúria na stopke	PD-8YCD6HER	0	6	1	6.29	Pravděpodobná shoda s produktem 2e5363ab-fa05-4265-b461-bb39fb287949 (7 fotek, prům. dHash 6.3).
ii	091 92 NA_ESHOPU	92	NA_ESHOPU	high	3	2	47ca7ad2-069c-41c6-9ed3-e331240f0023	Kytica klinčekov	PD-PBXJXYKJ	1	1	0	4	Produkt 47ca7ad2-069c-41c6-9ed3-e331240f0023: 1 silných + 1 dobrých shod (prům. dHash 4.0).
ii	092 93 NEJISTE	93	NEJISTE	low	3	1	ebd7311e-8718-4cb8-a30e-194b58d3929b	Vintage kytica ruží a pivoniek	PD-YBEC6R3P	0	0	1	10	Slabá / nejednoznačná shoda s ebd7311e-8718-4cb8-a30e-194b58d3929b.
ii	093 94 NEJISTE	94	NEJISTE	low	3	3	54d2b5f3-3cbe-42ef-8105-f92ef248f2ac	Kytica iskerníkov bielo-fialová	PD-GDR4HC3F	0	1	1	7.5	Slabá / nejednoznačná shoda s 54d2b5f3-3cbe-42ef-8105-f92ef248f2ac.
ii	094 95 NA_ESHOPU	95	NA_ESHOPU	medium	6	1	95f2c8ee-59ee-4c05-a71b-022a0d17c8f8	Kytica drobných pivoniek	PD-FWG994ZY	0	1	0	6	Pravděpodobná shoda s produktem 95f2c8ee-59ee-4c05-a71b-022a0d17c8f8 (1 fotek, prům. dHash 6.0).
ii	095 96 NA_ESHOPU	96	NA_ESHOPU	high	13	6	e3fee132-893a-4c39-8cc8-d1d49161ce6f	Eukalyptus	PD-9YMB77VT	2	3	1	5.5	Produkt e3fee132-893a-4c39-8cc8-d1d49161ce6f: 2 silných + 3 dobrých shod (prům. dHash 5.5).
ii	096 97 NA_ESHOPU	97	NA_ESHOPU	medium	3	3	2b9feae0-4717-4cd1-b838-4ad4937ebadd	Kytica eukalyptu a papradia	PD-XK3F2UNX	1	1	1	6	Pravděpodobná shoda s produktem 2b9feae0-4717-4cd1-b838-4ad4937ebadd (3 fotek, prům. dHash 6.0).
ii	097 98 NA_ESHOPU	98	NA_ESHOPU	high	19	15	3a9b71c3-d6e8-4d71-b03f-f1cd8217058c	Georgína na stopke	PD-AMQ7TYEH	6	6	1	4.92	Produkt 3a9b71c3-d6e8-4d71-b03f-f1cd8217058c: 6 silných + 6 dobrých shod (prům. dHash 4.9).
ii	098 99 NA_ESHOPU	99	NA_ESHOPU	high	13	9	d8faec12-910a-4567-907a-b19f83ed4c75	Margarétka na stopke	PD-LEVUJLNY	6	2	1	5.78	Produkt d8faec12-910a-4567-907a-b19f83ed4c75: 6 silných + 2 dobrých shod (prům. dHash 5.8).
ii	099 100 NA_ESHOPU	100	NA_ESHOPU	high	3	2	78e09c64-1f66-4174-92bd-6391705efd88	Zlatý dážď	PD-AXVCL5M6	1	1	0	4.5	Produkt 78e09c64-1f66-4174-92bd-6391705efd88: 1 silných + 1 dobrých shod (prům. dHash 4.5).
ii	100 101 NA_ESHOPU	101	NA_ESHOPU	medium	3	2	cbfea383-ace9-4655-9595-9d812c4a3b80	Chryzantéma pavúkovitá	PD-VFTKHAMK	1	1	0	5.5	Pravděpodobná shoda s produktem cbfea383-ace9-4655-9595-9d812c4a3b80 (2 fotek, prům. dHash 5.5).
ii	101 102 NA_ESHOPU	102	NA_ESHOPU	high	3	2	73f40ac6-cf34-4ec7-bf02-c3dfc8e8d178	Kytica krémových georgín	PD-VBKGGJYF	2	0	0	5	Produkt 73f40ac6-cf34-4ec7-bf02-c3dfc8e8d178: 2 silných + 0 dobrých shod (prům. dHash 5.0).
ii	102 103 NA_ESHOPU	103	NA_ESHOPU	high	10	7	cb452999-da7f-4b08-855d-278962433105	Kytica ľalií s bobuľkami	PD-KKG3B5AU	6	1	0	2.86	Produkt cb452999-da7f-4b08-855d-278962433105: 6 silných + 1 dobrých shod (prům. dHash 2.9).
list	001 NA_ESHOPU	001	NA_ESHOPU	high	3	3	38e3b4a1-eee7-45a3-b0e1-1b7de8bf803a	Voskovka fialová	PD-N4B8Q2KQ	1	0	0	3	Produkt 38e3b4a1-eee7-45a3-b0e1-1b7de8bf803a: 1 silných + 0 dobrých shod (prům. dHash 3.0).
list	002 NENI_NA_ESHOPU	002	NENI_NA_ESHOPU	low	3	1				0	0	0		Žádná spolehlivá shoda s e-shopem.
list	003 NEJISTE	003	NEJISTE	low	3	3	e9873f34-79b9-4410-922d-f7dd72d300f7	Jazmínový spray biely	PD-W46KRFGE	0	0	1	9	Slabá / nejednoznačná shoda s e9873f34-79b9-4410-922d-f7dd72d300f7.
list	004 NA_ESHOPU	004	NA_ESHOPU	high	3	3	aaca085b-bf16-435e-826c-3f8771e379c0	Listový konár (lesklý)	PD-FMC87JPW	2	0	0	5.5	Produkt aaca085b-bf16-435e-826c-3f8771e379c0: 2 silných + 0 dobrých shod (prům. dHash 5.5).
list	005 NA_ESHOPU	005	NA_ESHOPU	high	3	3	c3fe5a45-04f1-429a-a57a-35fa4d248199	Zeleň so zúbkovanými listami	PD-9GTYX3Q9	2	0	0	2	Produkt c3fe5a45-04f1-429a-a57a-35fa4d248199: 2 silných + 0 dobrých shod (prům. dHash 2.0).
list	006 NA_ESHOPU	006	NA_ESHOPU	medium	3	3	96eb70a6-8a4c-455b-9fa7-f1e8aa4b44e7	Ginkgo žlté	PD-YUKLY5QF	1	0	0	5	Pravděpodobná shoda s produktem 96eb70a6-8a4c-455b-9fa7-f1e8aa4b44e7 (1 fotek, prům. dHash 5.0).
list	007 NA_ESHOPU	007	NA_ESHOPU	high	3	3	f69d556e-c466-4998-9356-7150e598d96f	Brečtan pestrobarevný	PD-FVFUYQ6F	2	0	0	6	Produkt f69d556e-c466-4998-9356-7150e598d96f: 2 silných + 0 dobrých shod (prům. dHash 6.0).
list	008 NA_ESHOPU	008	NA_ESHOPU	high	3	3	fc1a18ed-8d64-4427-ab21-ff82e8e15591	Zeleň - listová vetva	PD-T8GWZTQ2	3	0	0	4.67	Produkt fc1a18ed-8d64-4427-ab21-ff82e8e15591: 3 silných + 0 dobrých shod (prům. dHash 4.7).
list	009 NA_ESHOPU	009	NA_ESHOPU	medium	3	3	a6194531-a460-4e10-802b-08adb976027f	Ruža červená - zväzok	PD-MWDXSGMY	1	0	0	5	Pravděpodobná shoda s produktem a6194531-a460-4e10-802b-08adb976027f (1 fotek, prům. dHash 5.0).
list	010 NA_ESHOPU	010	NA_ESHOPU	medium	3	3	0ef3d821-edd9-42ff-a132-94377ebd4720	Kytica pivoniek biela - púčiky	PD-2HULXW68	1	0	0	4	Pravděpodobná shoda s produktem 0ef3d821-edd9-42ff-a132-94377ebd4720 (1 fotek, prům. dHash 4.0).
list	011 NA_ESHOPU	011	NA_ESHOPU	high	3	2	908fced5-94c0-4533-8ee5-cb7083a4a135	Kytica červených ruží s drobnými kvetmi	PD-YJ7ZPJWC	2	0	0	4	Produkt 908fced5-94c0-4533-8ee5-cb7083a4a135: 2 silných + 0 dobrých shod (prům. dHash 4.0).
list	012 NA_ESHOPU	012	NA_ESHOPU	high	3	2	b7000b63-f5a8-4283-ac53-e3b6f4f21163	Perovitý filler fialový	PD-EPU4MZJJ	1	0	0	3	Produkt b7000b63-f5a8-4283-ac53-e3b6f4f21163: 1 silných + 0 dobrých shod (prům. dHash 3.0).
list	013 NEJISTE	013	NEJISTE	low	3	2	35b8aa3d-6338-4daf-ab0a-596339655420	Hortenzia krémová	PD-ZM9T7G26	0	1	1	7	Slabá / nejednoznačná shoda s 35b8aa3d-6338-4daf-ab0a-596339655420.
list	014 NA_ESHOPU	014	NA_ESHOPU	medium	3	3	c5472c0d-c99e-4442-994b-d8c0aaf5bca0	Magnólia - zväzok bielo-ružový	PD-972HX445	1	2	0	5.67	Pravděpodobná shoda s produktem c5472c0d-c99e-4442-994b-d8c0aaf5bca0 (3 fotek, prům. dHash 5.7).
list	015 NA_ESHOPU	015	NA_ESHOPU	high	3	2	ccfd17df-ac41-4f09-844c-ff79aad7e462	Fiala žltá	PD-X3ZLNLMN	2	0	0	5	Produkt ccfd17df-ac41-4f09-844c-ff79aad7e462: 2 silných + 0 dobrých shod (prům. dHash 5.0).
list	016 NA_ESHOPU	016	NA_ESHOPU	high	3	3	15b1ab45-1db9-4083-bb61-fe1f146cfff5	Žltá kvitnúca halúzka	PD-34HYHH9W	2	0	1	6.33	Produkt 15b1ab45-1db9-4083-bb61-fe1f146cfff5: 2 silných + 0 dobrých shod (prům. dHash 6.3).
list	017 NENI_NA_ESHOPU	017	NENI_NA_ESHOPU	low	3	0				0	0	0		Žádná spolehlivá shoda s e-shopem.
list	018 NA_ESHOPU	018	NA_ESHOPU	high	3	2	c338c6bb-c249-4278-b5bd-444cb4b97933	Kytica bielo-zelená	PD-ZHFBJGDT	2	0	0	6	Produkt c338c6bb-c249-4278-b5bd-444cb4b97933: 2 silných + 0 dobrých shod (prům. dHash 6.0).
list	019 NA_ESHOPU	019	NA_ESHOPU	high	3	3	4ad1fc92-d396-464f-ad7f-f395a9e9539d	Drobné biele kvietky - zväzok	PD-G6SWWGPL	2	0	1	5.33	Produkt 4ad1fc92-d396-464f-ad7f-f395a9e9539d: 2 silných + 0 dobrých shod (prům. dHash 5.3).
list	020 NA_ESHOPU	020	NA_ESHOPU	medium	3	3	5e150134-1392-4ecd-b4c1-b93f32a63f0e	Voskovka krémová	PD-W3SBVZZP	1	2	0	6.33	Pravděpodobná shoda s produktem 5e150134-1392-4ecd-b4c1-b93f32a63f0e (3 fotek, prům. dHash 6.3).
list	021 NA_ESHOPU	021	NA_ESHOPU	medium	3	2	62a9bee3-4844-476d-92e4-591995e8e493	Ruža krémová - spray	PD-L7CBK6X6	1	1	0	8	Pravděpodobná shoda s produktem 62a9bee3-4844-476d-92e4-591995e8e493 (2 fotek, prům. dHash 8.0).
list	022 NA_ESHOPU	022	NA_ESHOPU	medium	3	1	0231e7a3-c991-4804-90c0-9db0d05a9572	Kytica krémové pompony	PD-J4L3H3T7	0	1	0	5	Pravděpodobná shoda s produktem 0231e7a3-c991-4804-90c0-9db0d05a9572 (1 fotek, prům. dHash 5.0).
list	023 NA_ESHOPU	023	NA_ESHOPU	medium	3	2	d7e13235-7e31-4c0f-8dae-41cf724c8362	Gladiola biela - zväzok	PD-D7TJ3235	1	0	1	7	Pravděpodobná shoda s produktem d7e13235-7e31-4c0f-8dae-41cf724c8362 (2 fotek, prům. dHash 7.0).
list	024 NEJISTE	024	NEJISTE	low	3	1	83992e6d-78f6-48ea-8473-bfa97f9df525	Iskerník biely	PD-2H78FKP6	0	1	0	8	Slabá / nejednoznačná shoda s 83992e6d-78f6-48ea-8473-bfa97f9df525.
list	025 NA_ESHOPU	025	NA_ESHOPU	medium	3	1	3d583180-de60-4f51-a72d-6491cccb1710	Dubová halúzka	PD-SCLJQZZE	1	0	0	5	Pravděpodobná shoda s produktem 3d583180-de60-4f51-a72d-6491cccb1710 (1 fotek, prům. dHash 5.0).
list	026 NEJISTE	026	NEJISTE	low	3	2	98274afa-d46f-49ad-b6bd-77e51bcafa31	Gypsofilka na stopke	PD-K4T58VB7	0	0	2	8	Slabá / nejednoznačná shoda s 98274afa-d46f-49ad-b6bd-77e51bcafa31.
list	027 NA_ESHOPU	027	NA_ESHOPU	medium	3	2	93f966d3-8e3e-4d24-988b-6ec286ef5165	Eukalyptus drobnolistý	PD-XVJAVMXA	1	0	1	7	Pravděpodobná shoda s produktem 93f966d3-8e3e-4d24-988b-6ec286ef5165 (2 fotek, prům. dHash 7.0).
list	028 NA_ESHOPU	028	NA_ESHOPU	medium	3	2	a670f25a-3bfc-4cd2-980d-067a2eb83d80	Zeleň drobnolistá (ruskus štýl)	PD-NJTTQRXV	1	0	1	7	Pravděpodobná shoda s produktem a670f25a-3bfc-4cd2-980d-067a2eb83d80 (2 fotek, prům. dHash 7.0).
list	029 NA_ESHOPU	029	NA_ESHOPU	high	3	2	123ce826-f2e3-4833-b427-cd47c1c1e01b	Listová vetva (rozvetvená)	PD-4RF7TNN7	1	1	0	5	Produkt 123ce826-f2e3-4833-b427-cd47c1c1e01b: 1 silných + 1 dobrých shod (prům. dHash 5.0).
list	030 NA_ESHOPU	030	NA_ESHOPU	high	3	3	5e9904f5-b933-4fd2-96fa-89806108dbef	Ruskus 50 cm	PD-UWGNXBGC	2	0	1	6	Produkt 5e9904f5-b933-4fd2-96fa-89806108dbef: 2 silných + 0 dobrých shod (prům. dHash 6.0).
list	031 NA_ESHOPU	031	NA_ESHOPU	high	3	2	372f8f4d-56cf-4ed8-a27e-19c6b627b78c	Ruskus úzkolistý	PD-B2VTQCYZ	1	1	0	4.5	Produkt 372f8f4d-56cf-4ed8-a27e-19c6b627b78c: 1 silných + 1 dobrých shod (prům. dHash 4.5).
list	032 NA_ESHOPU	032	NA_ESHOPU	high	3	2	e1ec65cb-cf87-4151-b4fc-e92150227d7a	Listová vetva (lesklá)	PD-4QNC5E6U	2	0	0	4	Produkt e1ec65cb-cf87-4151-b4fc-e92150227d7a: 2 silných + 0 dobrých shod (prům. dHash 4.0).
list	033 NA_ESHOPU	033	NA_ESHOPU	medium	3	3	8bc98e68-fd32-45fc-8ed9-975391135cee	Zeleň perovitá vzdušná	PD-N8JXPFYH	1	1	1	7	Pravděpodobná shoda s produktem 8bc98e68-fd32-45fc-8ed9-975391135cee (3 fotek, prům. dHash 7.0).
list	034 NA_ESHOPU	034	NA_ESHOPU	high	3	3	44698313-ef8d-4f07-95fb-cdb20289ab8a	List mečovitý (aspidistra)	PD-TPECXQXW	2	0	0	5	Produkt 44698313-ef8d-4f07-95fb-cdb20289ab8a: 2 silných + 0 dobrých shod (prům. dHash 5.0).
list	035 NA_ESHOPU	035	NA_ESHOPU	high	3	3	d6f9a17e-d3b7-46c3-8577-c45bfcb88e5e	Eukalyptus - dlhý stonok (61 cm)	PD-TLP2NV2N	1	0	0	3	Produkt d6f9a17e-d3b7-46c3-8577-c45bfcb88e5e: 1 silných + 0 dobrých shod (prům. dHash 3.0).
list	036 NA_ESHOPU	036	NA_ESHOPU	high	3	3	778e156a-cf96-4ea1-82de-1070361e3da5	Eukalyptus - zväzok so zelenými tipmi	PD-4DU28CUA	2	1	0	5.33	Produkt 778e156a-cf96-4ea1-82de-1070361e3da5: 2 silných + 1 dobrých shod (prům. dHash 5.3).
list	037 NA_ESHOPU	037	NA_ESHOPU	medium	3	3	05a23632-536f-4d64-a9ce-c1705225b91c	Zeleň - drobné oválne listy	PD-URCKB7DN	1	2	0	6.67	Pravděpodobná shoda s produktem 05a23632-536f-4d64-a9ce-c1705225b91c (3 fotek, prům. dHash 6.7).
list	038 NA_ESHOPU	038	NA_ESHOPU	medium	3	2	5a2ed7bc-ed1e-4a35-aaae-c887c5acee0a	Papraď - perovité listy	PD-NPEL43EV	1	0	1	7.5	Pravděpodobná shoda s produktem 5a2ed7bc-ed1e-4a35-aaae-c887c5acee0a (2 fotek, prům. dHash 7.5).
list	039 NEJISTE	039	NEJISTE	low	3	2	4fc4d990-4bbf-452c-9322-a90ae4bd1c21	Eukalyptus drobný okrúhly	PD-X83Q8CN4	0	1	1	7	Slabá / nejednoznačná shoda s 4fc4d990-4bbf-452c-9322-a90ae4bd1c21.
list	040 NA_ESHOPU	040	NA_ESHOPU	medium	3	3	f0390150-33fd-4957-9cf7-98e3a0913743	Eukalyptus - vetva s hnedým stonkom	PD-DBDHXBGB	1	1	1	6.33	Pravděpodobná shoda s produktem f0390150-33fd-4957-9cf7-98e3a0913743 (3 fotek, prům. dHash 6.3).
list	041 NA_ESHOPU	041	NA_ESHOPU	medium	3	3	a00d6e54-b4ba-43d0-ae6a-607079d649e8	Papraď - jemná perovitá	PD-3Q2FGDVF	0	3	0	6.67	Pravděpodobná shoda s produktem a00d6e54-b4ba-43d0-ae6a-607079d649e8 (3 fotek, prům. dHash 6.7).
list	042 NA_ESHOPU	042	NA_ESHOPU	medium	3	2	231f3973-13fc-4f35-a4c9-218aa9cfe3a3	Monstera - hustý zväzok listov	PD-59YZ62E7	1	0	1	6.5	Pravděpodobná shoda s produktem 231f3973-13fc-4f35-a4c9-218aa9cfe3a3 (2 fotek, prům. dHash 6.5).
list	043 NA_ESHOPU	043	NA_ESHOPU	high	3	3	2fb135d4-f3ce-4a52-be91-591cb3bc4dc8	Papraď	PD-5URUJRM4	2	0	1	6.33	Produkt 2fb135d4-f3ce-4a52-be91-591cb3bc4dc8: 2 silných + 0 dobrých shod (prům. dHash 6.3).
list	044 NA_ESHOPU	044	NA_ESHOPU	high	3	3	6acd14c2-509b-4938-b8f5-2a6f19af930a	Papraď hustá	PD-HU8CHZNS	3	0	0	4	Produkt 6acd14c2-509b-4938-b8f5-2a6f19af930a: 3 silných + 0 dobrých shod (prům. dHash 4.0).
list	045 NA_ESHOPU	045	NA_ESHOPU	medium	3	2	1619b9f5-5d91-45c2-9a50-cfcfbc68edab	Bobule čierne	PD-GSGXYG68	1	0	1	5.5	Pravděpodobná shoda s produktem 1619b9f5-5d91-45c2-9a50-cfcfbc68edab (2 fotek, prům. dHash 5.5).
list	046 NA_ESHOPU	046	NA_ESHOPU	medium	3	3	f6226aa2-0266-4e06-b5c3-e12ea8656f92	Ihličnatá halúzka (cypruštek)	PD-HY85BH7T	1	1	1	6.33	Pravděpodobná shoda s produktem f6226aa2-0266-4e06-b5c3-e12ea8656f92 (3 fotek, prům. dHash 6.3).
list	047 NA_ESHOPU	047	NA_ESHOPU	high	3	3	e72cd086-57ab-4d4c-b01e-db686a6a788a	Tuja	PD-NT9VZCR8	2	1	0	4.33	Produkt e72cd086-57ab-4d4c-b01e-db686a6a788a: 2 silných + 1 dobrých shod (prům. dHash 4.3).
list	048 NA_ESHOPU	048	NA_ESHOPU	medium	3	2	a4567be2-a20e-416f-8594-0fe034d94f37	Zeleň - trávovité listy so špirálami	PD-DEUNZZ9T	0	2	0	6.5	Pravděpodobná shoda s produktem a4567be2-a20e-416f-8594-0fe034d94f37 (2 fotek, prům. dHash 6.5).
list	049 NA_ESHOPU	049	NA_ESHOPU	medium	3	3	11457a86-a178-47ad-8b62-be17c0e7a95e	Kytica pivoniek	PD-8WZHZJGT	0	1	0	6	Pravděpodobná shoda s produktem 11457a86-a178-47ad-8b62-be17c0e7a95e (1 fotek, prům. dHash 6.0).
list	050 NEJISTE	050	NEJISTE	low	3	1	e24a4c4b-d9c5-415d-9d4b-5769be737bb0	Pivonka spray biely	PD-DEV49V3H	0	1	0	10	Slabá / nejednoznačná shoda s e24a4c4b-d9c5-415d-9d4b-5769be737bb0.
list	051 NA_ESHOPU	051	NA_ESHOPU	high	3	2	e8f2b435-70fe-4bc1-a05f-dd1d0240302d	Pivonka kytica Exclusive 45 cm - biela	PD-NQ4Z52ZH	2	0	0	5	Produkt e8f2b435-70fe-4bc1-a05f-dd1d0240302d: 2 silných + 0 dobrých shod (prům. dHash 5.0).
list	052 NA_ESHOPU	052	NA_ESHOPU	high	3	2	30f26c9e-cb08-475e-badd-35ae45ac6317	Pivonka kytica Exclusive 45 cm - krémová	PD-9H2VV42J	1	1	0	4.5	Produkt 30f26c9e-cb08-475e-badd-35ae45ac6317: 1 silných + 1 dobrých shod (prům. dHash 4.5).
list	053 NA_ESHOPU	053	NA_ESHOPU	high	3	3	1300d481-2976-42ae-aebc-b7405ec4f01b	Pivonka zväzok 47 cm	PD-P3DFUXKY	1	2	0	4	Produkt 1300d481-2976-42ae-aebc-b7405ec4f01b: 1 silných + 2 dobrých shod (prům. dHash 4.0).
list	054 NA_ESHOPU	054	NA_ESHOPU	medium	3	2	7eb37d9c-f4cc-4260-861d-2482c020d741	Klinček Green Trick	PD-JV4FHYV9	0	2	0	5.5	Pravděpodobná shoda s produktem 7eb37d9c-f4cc-4260-861d-2482c020d741 (2 fotek, prům. dHash 5.5).
list	055 NA_ESHOPU	055	NA_ESHOPU	high	3	3	e5235cb5-a4da-4039-b80c-b87bd9b7e725	Eukalyptus drobný okrúhly 47 cm	PD-6GPM2GLZ	2	1	0	3.33	Produkt e5235cb5-a4da-4039-b80c-b87bd9b7e725: 2 silných + 1 dobrých shod (prům. dHash 3.3).
list	056 NA_ESHOPU	056	NA_ESHOPU	high	3	2	6060c788-87d9-4016-9c06-722bad0161be	Georgína plná - zväzok	PD-D3X5NDZN	1	1	0	5	Produkt 6060c788-87d9-4016-9c06-722bad0161be: 1 silných + 1 dobrých shod (prům. dHash 5.0).
list	057 NA_ESHOPU	057	NA_ESHOPU	high	3	3	a93b67c1-4f95-4aab-b63c-a365c8aff015	Georgína kytica tmavočervená	PD-R6WCKM7X	3	0	0	4	Produkt a93b67c1-4f95-4aab-b63c-a365c8aff015: 3 silných + 0 dobrých shod (prům. dHash 4.0).
list	058 NA_ESHOPU	058	NA_ESHOPU	high	3	3	988e6f99-40a1-4202-9a83-69c103a1d807	Kytica ruží svetloružová	PD-H3GY6UTW	2	1	0	4	Produkt 988e6f99-40a1-4202-9a83-69c103a1d807: 2 silných + 1 dobrých shod (prům. dHash 4.0).
list	059 NA_ESHOPU	059	NA_ESHOPU	medium	3	3	872a209d-3b7c-4c61-8a3d-44a38339ef58	Drobnokvet biely (zhluky)	PD-G6W5K5GE	1	1	1	7.33	Pravděpodobná shoda s produktem 872a209d-3b7c-4c61-8a3d-44a38339ef58 (3 fotek, prům. dHash 7.3).
list	060 NA_ESHOPU	060	NA_ESHOPU	medium	3	3	f0862f0d-90ae-44a3-b5d4-638693e0352b	Ružičky - mix krémovo-petrolejová	PD-RNJNUNGD	1	1	1	7.67	Pravděpodobná shoda s produktem f0862f0d-90ae-44a3-b5d4-638693e0352b (3 fotek, prům. dHash 7.7).
list	061 NA_ESHOPU	061	NA_ESHOPU	high	3	1	baec3892-d0af-4799-bead-16cbd7c95a30	Bahniatka so zeleňou	PD-RK2BCNLB	1	0	0	2	Produkt baec3892-d0af-4799-bead-16cbd7c95a30: 1 silných + 0 dobrých shod (prům. dHash 2.0).
list	062 NA_ESHOPU	062	NA_ESHOPU	medium	3	2	09fade02-8f2c-40f2-8474-320abed80a84	Ruža - vetva s púčikmi	PD-4NMW7Z7W	0	2	0	8	Pravděpodobná shoda s produktem 09fade02-8f2c-40f2-8474-320abed80a84 (2 fotek, prům. dHash 8.0).
list	063 NENI_NA_ESHOPU	063	NENI_NA_ESHOPU	low	3	0				0	0	0		Žádná spolehlivá shoda s e-shopem.
list	064 NA_ESHOPU	064	NA_ESHOPU	high	3	3	7ae15a07-8522-43af-902a-afe8777fc152	Eukalyptus ružový	PD-4Q5ZSRS3	3	0	0	3.33	Produkt 7ae15a07-8522-43af-902a-afe8777fc152: 3 silných + 0 dobrých shod (prům. dHash 3.3).
list	065 NA_ESHOPU	065	NA_ESHOPU	high	13	11	2f296345-3209-48e4-8423-3bf27ffd12f1	Hortenzia - stonok	PD-MHY4YWPN	6	1	4	5.64	Produkt 2f296345-3209-48e4-8423-3bf27ffd12f1: 6 silných + 1 dobrých shod (prům. dHash 5.6).
list	066 NA_ESHOPU	066	NA_ESHOPU	medium	20	12	2040562c-4992-451f-a122-cea15d08e7f7	Orchidea (mini spray)	PD-HMKSMX73	1	3	0	5.75	Pravděpodobná shoda s produktem 2040562c-4992-451f-a122-cea15d08e7f7 (4 fotek, prům. dHash 5.8).
list	067 NA_ESHOPU	067	NA_ESHOPU	high	7	6	8aafbf42-bd3d-4f4f-997a-61c33135e892	Georgína špicatá - zväzok	PD-SJVV4WK2	3	2	1	5	Produkt 8aafbf42-bd3d-4f4f-997a-61c33135e892: 3 silných + 2 dobrých shod (prům. dHash 5.0).
list	068 NA_ESHOPU	068	NA_ESHOPU	high	18	14	51b06184-2e01-4a80-ae2b-595dee2f323d	Georgína mini - viacfarby	PD-ZYY8G328	4	7	2	6.08	Produkt 51b06184-2e01-4a80-ae2b-595dee2f323d: 4 silných + 7 dobrých shod (prům. dHash 6.1).
list	069 NA_ESHOPU	069	NA_ESHOPU	high	7	7	3c5d095e-76bc-43ce-8266-3673e24555cc	Krásnoočko - cosmos	PD-SMANY4CM	3	2	2	6.29	Produkt 3c5d095e-76bc-43ce-8266-3673e24555cc: 3 silných + 2 dobrých shod (prům. dHash 6.3).
list	070 NA_ESHOPU	070	NA_ESHOPU	high	7	5	b2bc3e1c-9c80-4877-96ae-9c9ac3ec3e72	Drobný filler - hviezdicové kvietky	PD-MXW7YA3V	2	2	1	5.6	Produkt b2bc3e1c-9c80-4877-96ae-9c9ac3ec3e72: 2 silných + 2 dobrých shod (prům. dHash 5.6).
list	071 NA_ESHOPU	071	NA_ESHOPU	high	10	5	20da8252-5f59-4c8e-b624-c518485e7e5d	Orchidea Cymbidium	PD-R5W5EN8D	2	2	1	5.4	Produkt 20da8252-5f59-4c8e-b624-c518485e7e5d: 2 silných + 2 dobrých shod (prům. dHash 5.4).
list	072 NA_ESHOPU	072	NA_ESHOPU	high	7	6	b3094828-f16b-4dfe-a41f-efe1e1f5db14	Halúzka s púčikmi	PD-DZEKAD7G	4	0	2	6.17	Produkt b3094828-f16b-4dfe-a41f-efe1e1f5db14: 4 silných + 0 dobrých shod (prům. dHash 6.2).
list	073 NA_ESHOPU	073	NA_ESHOPU	high	7	5	0ca2a0e7-ea3b-44bf-8a84-272a81843bab	Miešaná kytica - guľovité kvety a eukalyptus	PD-UDL5VK99	2	1	2	7.2	Produkt 0ca2a0e7-ea3b-44bf-8a84-272a81843bab: 2 silných + 1 dobrých shod (prům. dHash 7.2).
list	074 NA_ESHOPU	074	NA_ESHOPU	high	7	4	faddf312-fc8f-416d-b953-7cc43ce9eb92	Kvitnúca halúzka (hviezdicové kvety)	PD-V3VEU6AV	2	2	0	6.75	Produkt faddf312-fc8f-416d-b953-7cc43ce9eb92: 2 silných + 2 dobrých shod (prům. dHash 6.8).
list	075 NA_ESHOPU	075	NA_ESHOPU	high	16	16	7eeced64-5f37-461d-b89e-d71542a263ee	Chryzantéma pomponková	PD-HVEM6XEA	12	3	1	5.06	Produkt 7eeced64-5f37-461d-b89e-d71542a263ee: 12 silných + 3 dobrých shod (prům. dHash 5.1).
list	076 NA_ESHOPU	076	NA_ESHOPU	medium	7	5	6bec47c3-8cfb-4078-b118-d06c28053062	Drobnolistá zeleň	PD-TACKBR6V	0	2	3	7.4	Pravděpodobná shoda s produktem 6bec47c3-8cfb-4078-b118-d06c28053062 (5 fotek, prům. dHash 7.4).
list	077 NA_ESHOPU	077	NA_ESHOPU	high	5	5	3f6514ec-1601-404c-87f5-345c2d3f7192	Rebríček fialový	PD-5EXRVT6P	2	1	2	7	Produkt 3f6514ec-1601-404c-87f5-345c2d3f7192: 2 silných + 1 dobrých shod (prům. dHash 7.0).
list	078 NENI_NA_ESHOPU	078	NENI_NA_ESHOPU	low	13	8				0	0	0		Žádná spolehlivá shoda s e-shopem.
list	079 NEJISTE	079	NEJISTE	low	10	1	0c39031e-294e-422f-a900-bd5777d350da	Artičoka na stopke	PD-DWH3PXWB	0	1	0	7	Slabá / nejednoznačná shoda s 0c39031e-294e-422f-a900-bd5777d350da.
list	080 NA_ESHOPU	080	NA_ESHOPU	high	6	4	0c733620-ea70-4baa-8cb3-d736a3a7b2dd	Fiala krémová	PD-7BHJ3NCA	2	0	2	6.75	Produkt 0c733620-ea70-4baa-8cb3-d736a3a7b2dd: 2 silných + 0 dobrých shod (prům. dHash 6.8).
list	081 NA_ESHOPU	081	NA_ESHOPU	high	20	14	9ea92591-c3af-488c-b07c-19cebe452311	Hyacint	PD-VBN8YV5R	6	7	1	6.36	Produkt 9ea92591-c3af-488c-b07c-19cebe452311: 6 silných + 7 dobrých shod (prům. dHash 6.4).
list	082 NA_ESHOPU	082	NA_ESHOPU	high	10	7	6d4c16ed-5870-4dae-bbba-141ad35c909a	Kvitnúca vetva (drobný kvet)	PD-RSG6YM76	6	1	0	4.43	Produkt 6d4c16ed-5870-4dae-bbba-141ad35c909a: 6 silných + 1 dobrých shod (prům. dHash 4.4).
list	083 NA_ESHOPU	083	NA_ESHOPU	high	9	5	cbc287c0-dc06-4a92-badf-b8dba6fd38a0	Drobné lúčne kvety	PD-WSHAM5KN	2	2	1	6	Produkt cbc287c0-dc06-4a92-badf-b8dba6fd38a0: 2 silných + 2 dobrých shod (prům. dHash 6.0).
list	084 NA_ESHOPU	084	NA_ESHOPU	medium	7	5	aebc9827-8764-44ad-8687-50123e2659d4	Bobuľové vetvičky	PD-M2VYSP87	0	4	1	6.6	Pravděpodobná shoda s produktem aebc9827-8764-44ad-8687-50123e2659d4 (5 fotek, prům. dHash 6.6).
list	085 NENI_NA_ESHOPU	085	NENI_NA_ESHOPU	low	6	5				0	0	0		Žádná spolehlivá shoda s e-shopem.
list	086 NA_ESHOPU	086	NA_ESHOPU	high	10	8	6fac7eb7-5b17-451d-ba87-2f2dce9f339f	Drobné hviezdicové kvety	PD-YGSN57Q5	5	3	0	5.13	Produkt 6fac7eb7-5b17-451d-ba87-2f2dce9f339f: 5 silných + 3 dobrých shod (prům. dHash 5.1).
list	087 NA_ESHOPU	087	NA_ESHOPU	medium	4	2	f67494ec-76e3-45aa-b35a-d501fba4ca0e	Eukalyptus úzkolistý	PD-LFLKN8F8	1	0	0	5	Pravděpodobná shoda s produktem f67494ec-76e3-45aa-b35a-d501fba4ca0e (1 fotek, prům. dHash 5.0).
list	088 NENI_NA_ESHOPU	088	NENI_NA_ESHOPU	low	7	6				0	0	0		Žádná spolehlivá shoda s e-shopem.
list	089 NA_ESHOPU	089	NA_ESHOPU	high	6	5	0ed7a403-e4eb-4c0f-8dae-41cf724c8361	Eukalyptus okrúhly	PD-B5RDZFV7	2	3	0	5.8	Produkt 0ed7a403-e4eb-4c0f-8dae-41cf724c8361: 2 silných + 3 dobrých shod (prům. dHash 5.8).
list	090 NA_ESHOPU	090	NA_ESHOPU	high	7	6	46c06c01-c609-4de8-a1be-82f8fc3532a6	Eukalyptus drobný okrúhly	PD-DY5G4E97	3	2	1	5.83	Produkt 46c06c01-c609-4de8-a1be-82f8fc3532a6: 3 silných + 2 dobrých shod (prům. dHash 5.8).
list	091 NA_ESHOPU	091	NA_ESHOPU	high	7	5	6f09d0dc-a261-43b2-bb13-2bcb0ca18716	Zeleň - zúbkaté listy (ružové listy)	PD-5WSEPBAH	2	1	2	6.4	Produkt 6f09d0dc-a261-43b2-bb13-2bcb0ca18716: 2 silných + 1 dobrých shod (prům. dHash 6.4).
list	092 NA_ESHOPU	092	NA_ESHOPU	high	7	6	f377c023-3ae2-416c-9683-4b4630541b4c	Monstera - mini listy (zväzok)	PD-JMN984J3	4	2	0	4.83	Produkt f377c023-3ae2-416c-9683-4b4630541b4c: 4 silných + 2 dobrých shod (prům. dHash 4.8).
list	093 NEJISTE	093	NEJISTE	low	4	1	7230a8b3-6f9e-45a4-9170-48e10690792c	Ruža Beauty 38 cm	PD-9ATLJP9Q	0	1	0	7	Slabá / nejednoznačná shoda s 7230a8b3-6f9e-45a4-9170-48e10690792c.
list	094 NA_ESHOPU	094	NA_ESHOPU	high	10	9	6190cdb6-c514-44e7-9486-ac1fdaacaa4e	Eukalyptus okrúhly	PD-FERE5QDB	8	0	1	6.11	Produkt 6190cdb6-c514-44e7-9486-ac1fdaacaa4e: 8 silných + 0 dobrých shod (prům. dHash 6.1).
list	095 NA_ESHOPU	095	NA_ESHOPU	high	5	5	0b1d0ce2-2bab-4b74-af7d-6ec7b128789a	Vinič - listová vetva	PD-4L7MJ6WB	5	0	0	4.8	Produkt 0b1d0ce2-2bab-4b74-af7d-6ec7b128789a: 5 silných + 0 dobrých shod (prům. dHash 4.8).
list	096 NA_ESHOPU	096	NA_ESHOPU	high	7	5	4dfa956d-30a6-46e2-850a-4ee3d29e6b7a	Gypsofilka hustá	PD-SZZBEPH8	2	1	1	5.25	Produkt 4dfa956d-30a6-46e2-850a-4ee3d29e6b7a: 2 silných + 1 dobrých shod (prům. dHash 5.3).
list	097 NEJISTE	097	NEJISTE	low	10	2	a3162479-45f8-4182-a811-dfaf0851e65d	Drobné súkvetia (ryžový kvet)	PD-PV5A6BSH	0	1	1	7	Slabá / nejednoznačná shoda s a3162479-45f8-4182-a811-dfaf0851e65d.
list	098 NA_ESHOPU	098	NA_ESHOPU	high	13	13	9f20f9ad-6360-4a39-8a97-85c6894fe53a	Drobnolistá výplňová zeleň	PD-H6URQNEQ	9	4	0	6.08	Produkt 9f20f9ad-6360-4a39-8a97-85c6894fe53a: 9 silných + 4 dobrých shod (prům. dHash 6.1).
list	099 NA_ESHOPU	099	NA_ESHOPU	medium	9	6	629bfa57-bff3-4c6a-a4bc-b01c865f2a27	Skimmia - guľovité púčiky	PD-XTNZPHYP	1	4	1	6.33	Pravděpodobná shoda s produktem 629bfa57-bff3-4c6a-a4bc-b01c865f2a27 (6 fotek, prům. dHash 6.3).
list	100 NENI_NA_ESHOPU	100	NENI_NA_ESHOPU	low	23	0				0	0	0		Žádná spolehlivá shoda s e-shopem.
list	101 NA_ESHOPU	101	NA_ESHOPU	high	10	9	5725eab1-1b25-44c9-9ed6-5ebacdca8da1	Amarant - láskavec	PD-L9WX5ZXC	4	5	0	5	Produkt 5725eab1-1b25-44c9-9ed6-5ebacdca8da1: 4 silných + 5 dobrých shod (prům. dHash 5.0).
list	102 NA_ESHOPU	102	NA_ESHOPU	medium	4	2	a2d1eaa7-c895-4344-906d-6c9e5c06636b	Kytica pivoniek	PD-BT6XFTMN	1	0	1	8	Pravděpodobná shoda s produktem a2d1eaa7-c895-4344-906d-6c9e5c06636b (2 fotek, prům. dHash 8.0).
list	103 NENI_NA_ESHOPU	103	NENI_NA_ESHOPU	low	23	17				0	0	0		Žádná spolehlivá shoda s e-shopem.
list	104 NA_ESHOPU	104	NA_ESHOPU	medium	26	5	24c3b19b-6a02-4152-b04f-dd8b493f18c7	Pivonka dlhá kytica	PD-GGQDU7WK	0	2	0	5.5	Pravděpodobná shoda s produktem 24c3b19b-6a02-4152-b04f-dd8b493f18c7 (2 fotek, prům. dHash 5.5).
list	105 NENI_NA_ESHOPU	105	NENI_NA_ESHOPU	low	16	0				0	0	0		Žádná spolehlivá shoda s e-shopem.
list	106 NA_ESHOPU	106	NA_ESHOPU	high	6	4	24c3b19b-6a02-4152-b04f-dd8b493f18c7	Pivonka dlhá kytica	PD-GGQDU7WK	3	0	1	3.75	Produkt 24c3b19b-6a02-4152-b04f-dd8b493f18c7: 3 silných + 0 dobrých shod (prům. dHash 3.8).
list	107 NA_ESHOPU	107	NA_ESHOPU	high	12	6	c8d157b4-5ef9-4e70-9f7c-10ea293e1768	Kytica ruží 36 cm	PD-KQ4L9HSH	3	3	0	4.67	Produkt c8d157b4-5ef9-4e70-9f7c-10ea293e1768: 3 silných + 3 dobrých shod (prům. dHash 4.7).
list	108 NENI_NA_ESHOPU	108	NENI_NA_ESHOPU	low	22	22				0	0	0		Žádná spolehlivá shoda s e-shopem.
list	109 NA_ESHOPU	109	NA_ESHOPU	high	9	7	b6a4a140-9d53-4740-9be1-0ba1f681aa86	Kytica drobných kvietkov so zeleňou	PD-ALL9V84K	2	4	1	5.57	Produkt b6a4a140-9d53-4740-9be1-0ba1f681aa86: 2 silných + 4 dobrých shod (prům. dHash 5.6).
list	110 NA_ESHOPU	110	NA_ESHOPU	high	7	6	4fc4d990-4bbf-452c-9322-a90ae4bd1c21	Eukalyptus drobný okrúhly	PD-X83Q8CN4	2	2	2	6.33	Produkt 4fc4d990-4bbf-452c-9322-a90ae4bd1c21: 2 silných + 2 dobrých shod (prům. dHash 6.3).
list	111 NA_ESHOPU	111	NA_ESHOPU	medium	9	5	ed332e82-9f75-46aa-adf3-6ef5809ef79b	Eukalyptus drobný okrúhly - farebné varianty	PD-YYHUWX3T	1	3	1	6.2	Pravděpodobná shoda s produktem ed332e82-9f75-46aa-adf3-6ef5809ef79b (5 fotek, prům. dHash 6.2).
list	112 NA_ESHOPU	112	NA_ESHOPU	high	7	3	3a7ffc1c-d5b9-4fa5-9129-84a2d7441d78	Klinček - zväzok	PD-9PN37B4C	1	2	0	5	Produkt 3a7ffc1c-d5b9-4fa5-9129-84a2d7441d78: 1 silných + 2 dobrých shod (prům. dHash 5.0).
list	113 NA_ESHOPU	113	NA_ESHOPU	high	4	3	93cf5127-fcfb-4692-a6ee-7ac646ce1a04	Kvitnúca halúzka biela	PD-DGETMEPJ	2	1	0	5.67	Produkt 93cf5127-fcfb-4692-a6ee-7ac646ce1a04: 2 silných + 1 dobrých shod (prům. dHash 5.7).
list	114 NA_ESHOPU	114	NA_ESHOPU	high	9	7	b92de140-3cfc-40d4-9e51-a5a4e4c7300c	Hortenzia kytica so zeleňou	PD-ELP2PLU5	3	4	0	5.57	Produkt b92de140-3cfc-40d4-9e51-a5a4e4c7300c: 3 silných + 4 dobrých shod (prům. dHash 5.6).
list	115 NA_ESHOPU	115	NA_ESHOPU	high	7	6	15a9bc34-d877-45dd-9758-7a8fcb24f549	Čerešňové kvety - kvitnúca halúzka	PD-Z2SS7VFE	3	0	0	4	Produkt 15a9bc34-d877-45dd-9758-7a8fcb24f549: 3 silných + 0 dobrých shod (prům. dHash 4.0).
list	116 NA_ESHOPU	116	NA_ESHOPU	high	13	10	f5946d32-81d6-4a49-98de-4a29d894abc3	Iskerník (ranunculus) - zväzok	PD-6CXL3TUG	5	5	0	6	Produkt f5946d32-81d6-4a49-98de-4a29d894abc3: 5 silných + 5 dobrých shod (prům. dHash 6.0).
list	117 NA_ESHOPU	117	NA_ESHOPU	medium	14	12	96f71c68-dd24-45f2-94b6-9fa592e91e95	Ruža záhradná - dlhý stonok	PD-44VCYE7D	1	0	0	4	Pravděpodobná shoda s produktem 96f71c68-dd24-45f2-94b6-9fa592e91e95 (1 fotek, prům. dHash 4.0).
list	118 NA_ESHOPU	118	NA_ESHOPU	high	12	8	96f71c68-dd24-45f2-94b6-9fa592e91e95	Ruža záhradná - dlhý stonok	PD-44VCYE7D	3	1	1	4.4	Produkt 96f71c68-dd24-45f2-94b6-9fa592e91e95: 3 silných + 1 dobrých shod (prům. dHash 4.4).
list	119 NA_ESHOPU	119	NA_ESHOPU	medium	9	6	70ac69c8-b3a1-402a-bbc8-ba23ddf1ac83	Mini ruže - zväzok	PD-UA3KCF6W	1	5	0	7	Pravděpodobná shoda s produktem 70ac69c8-b3a1-402a-bbc8-ba23ddf1ac83 (6 fotek, prům. dHash 7.0).
list	120 NA_ESHOPU	120	NA_ESHOPU	high	9	7	7230a8b3-6f9e-45a4-9170-48e10690792c	Ruža Beauty 38 cm	PD-9ATLJP9Q	5	2	0	3.86	Produkt 7230a8b3-6f9e-45a4-9170-48e10690792c: 5 silných + 2 dobrých shod (prům. dHash 3.9).
list	121 NENI_NA_ESHOPU	121	NENI_NA_ESHOPU	low	7	4				0	0	0		Žádná spolehlivá shoda s e-shopem.
list	122 NA_ESHOPU	122	NA_ESHOPU	medium	10	8	a6c6db4d-d6d4-4c11-9ae5-8677ead05e04	Narcis žltý s trúbkou	PD-2B7HD7Y7	1	2	0	5.33	Pravděpodobná shoda s produktem a6c6db4d-d6d4-4c11-9ae5-8677ead05e04 (3 fotek, prům. dHash 5.3).
list	123 NA_ESHOPU	123	NA_ESHOPU	high	10	6	ecb209fa-4b66-415d-947c-7d26fd18dbb4	Bahniatka - farebné varianty	PD-A4RH34GX	2	2	2	6	Produkt ecb209fa-4b66-415d-947c-7d26fd18dbb4: 2 silných + 2 dobrých shod (prům. dHash 6.0).
list	124 NA_ESHOPU	124	NA_ESHOPU	high	10	7	38a84572-b740-4624-8d8c-ceba69218e6f	Hortenzia - stonok 61 cm	PD-MFYC8XME	4	2	1	6.14	Produkt 38a84572-b740-4624-8d8c-ceba69218e6f: 4 silných + 2 dobrých shod (prům. dHash 6.1).
list	125 NA_ESHOPU	125	NA_ESHOPU	high	4	3	b7b52f33-e660-416e-b4c3-3dd39e149861	Zeleň - dlhé pruhované listy	PD-W9XYHRUD	2	0	1	6.33	Produkt b7b52f33-e660-416e-b4c3-3dd39e149861: 2 silných + 0 dobrých shod (prům. dHash 6.3).
nove	002 B1__24LV_PREFOTIŤ NENI_NA_ESHOPU	B1__24LV_PREFOTIŤ	NENI_NA_ESHOPU	low	3	0				0	0	0		Žádná spolehlivá shoda s e-shopem.
nove	003 B1__47-50_PREFOTIŤ NENI_NA_ESHOPU	B1__47-50_PREFOTIŤ	NENI_NA_ESHOPU	low	10	0				0	0	0		Žádná spolehlivá shoda s e-shopem.
nove	005 B1__970B_PREFOTIŤ NENI_NA_ESHOPU	B1__970B_PREFOTIŤ	NENI_NA_ESHOPU	low	3	0				0	0	0		Žádná spolehlivá shoda s e-shopem.
nove	007 B1__5970B_PREFOTIŤ NENI_NA_ESHOPU	B1__5970B_PREFOTIŤ	NENI_NA_ESHOPU	low	3	0				0	0	0		Žádná spolehlivá shoda s e-shopem.
nove	009 B2__439W_PREFOTIŤ NENI_NA_ESHOPU	B2__439W_PREFOTIŤ	NENI_NA_ESHOPU	low	3	0				0	0	0		Žádná spolehlivá shoda s e-shopem.
nove	010 B2__2010R-CR_PREFOTIŤ NENI_NA_ESHOPU	B2__2010R-CR_PREFOTIŤ	NENI_NA_ESHOPU	low	7	0				0	0	0		Žádná spolehlivá shoda s e-shopem.
nove	011 B2__3891_PREFOTIŤ NENI_NA_ESHOPU	B2__3891_PREFOTIŤ	NENI_NA_ESHOPU	low	3	0				0	0	0		Žádná spolehlivá shoda s e-shopem.
nove	014 B2__SUN-641_PREFOTIŤ NENI_NA_ESHOPU	B2__SUN-641_PREFOTIŤ	NENI_NA_ESHOPU	low	3	0				0	0	0		Žádná spolehlivá shoda s e-shopem.
nove	018 B3__900PU_PREFOTIŤ NENI_NA_ESHOPU	B3__900PU_PREFOTIŤ	NENI_NA_ESHOPU	low	3	0				0	0	0		Žádná spolehlivá shoda s e-shopem.
nove	021 B3__20599C_PREFOTIŤ NENI_NA_ESHOPU	B3__20599C_PREFOTIŤ	NENI_NA_ESHOPU	low	3	0				0	0	0		Žádná spolehlivá shoda s e-shopem.
nove	022 B3__FMN1009_PREFOTIŤ NENI_NA_ESHOPU	B3__FMN1009_PREFOTIŤ	NENI_NA_ESHOPU	low	10	0				0	0	0		Žádná spolehlivá shoda s e-shopem.
